------------Generate by APL-WEB 2020/12/01 14:00:52-----------------
---------------------------clear existing data begin---------------------------
truncate table "public"."material";
truncate table "public"."material_brand";
truncate table "public"."material_category";
truncate table "public"."material_category_config";
truncate table "public"."material_config";
truncate table "public"."material_serial_no";
truncate table "public"."material_type";
truncate table "public"."material_type_config";
---------------------------clear existing data end---------------------------
-------------------records of material begin---------------------
insert into "material"("status","name","short_name","category_id","category_code","type_id","type_name","brand_id","brand_name","desc","part_number","detail","container_material_id","container_part_number","rack_id","rack_pn","create_time","create_user_id","create_user_name","modify_time","modify_user_id","modify_user_name","id") values(NULL,'末端修复mix',NULL,5,'Reagent',12,'混合液',16,'华大生物科技/股份公司/BGI',NULL,'BGMX01',NULL,9,'BRMW01',NULL,NULL,'2019-07-06 21:51:19.792094',NULL,'admin','2019-07-06 21:51:19.792095',NULL,'admin',24);
insert into "material"("status","name","short_name","category_id","category_code","type_id","type_name","brand_id","brand_name","desc","part_number","detail","container_material_id","container_part_number","rack_id","rack_pn","create_time","create_user_id","create_user_name","modify_time","modify_user_id","modify_user_name","id") values(NULL,'末端修复缓冲液',NULL,5,'Reagent',7,'缓冲液',16,'华大生物科技/股份公司/BGI',NULL,'BGBF01',NULL,9,'BRMW01',NULL,NULL,'2019-07-06 21:52:32.456794',NULL,'admin','2019-07-06 21:52:32.456794',NULL,'admin',28);
insert into "material"("status","name","short_name","category_id","category_code","type_id","type_name","brand_id","brand_name","desc","part_number","detail","container_material_id","container_part_number","rack_id","rack_pn","create_time","create_user_id","create_user_name","modify_time","modify_user_id","modify_user_name","id") values(NULL,'连接反应缓冲液',NULL,5,'Reagent',7,'缓冲液',16,'华大生物科技/股份公司/BGI',NULL,'BGBF02',NULL,9,'BRMW01',NULL,NULL,'2019-07-06 21:52:46.489430',NULL,'admin','2019-07-06 21:52:46.489431',NULL,'admin',29);
insert into "material"("status","name","short_name","category_id","category_code","type_id","type_name","brand_id","brand_name","desc","part_number","detail","container_material_id","container_part_number","rack_id","rack_pn","create_time","create_user_id","create_user_name","modify_time","modify_user_id","modify_user_name","id") values(NULL,'PCR反应液',NULL,5,'Reagent',7,'缓冲液',16,'华大生物科技/股份公司/BGI',NULL,'BGBF03',NULL,9,'BRMW01',NULL,NULL,'2019-07-06 21:53:00.882404',NULL,'admin','2019-07-06 21:53:00.882405',NULL,'admin',30);
insert into "material"("status","name","short_name","category_id","category_code","type_id","type_name","brand_id","brand_name","desc","part_number","detail","container_material_id","container_part_number","rack_id","rack_pn","create_time","create_user_id","create_user_name","modify_time","modify_user_id","modify_user_name","id") values(NULL,'末端修复酶',NULL,5,'Reagent',11,'酶',16,'华大生物科技/股份公司/BGI',NULL,'BGEZ01',NULL,9,'BRMW01',NULL,NULL,'2019-07-06 21:53:16.229488',NULL,'admin','2019-07-06 21:53:16.229488',NULL,'admin',31);
insert into "material"("status","name","short_name","category_id","category_code","type_id","type_name","brand_id","brand_name","desc","part_number","detail","container_material_id","container_part_number","rack_id","rack_pn","create_time","create_user_id","create_user_name","modify_time","modify_user_id","modify_user_name","id") values(NULL,'连接酶',NULL,5,'Reagent',11,'酶',16,'华大生物科技/股份公司/BGI',NULL,'BGEZ02',NULL,9,'BRMW01',NULL,NULL,'2019-07-06 21:53:27.952468',NULL,'admin','2019-07-06 21:53:27.952468',NULL,'admin',32);
insert into "material"("status","name","short_name","category_id","category_code","type_id","type_name","brand_id","brand_name","desc","part_number","detail","container_material_id","container_part_number","rack_id","rack_pn","create_time","create_user_id","create_user_name","modify_time","modify_user_id","modify_user_name","id") values(NULL,'PCR引物',NULL,5,'Reagent',13,'引物',16,'华大生物科技/股份公司/BGI',NULL,'BGPM01',NULL,9,'BRMW01',NULL,NULL,'2019-07-06 21:53:43.216660',NULL,'admin','2019-07-06 21:53:43.216661',NULL,'admin',33);
insert into "material"("status","name","short_name","category_id","category_code","type_id","type_name","brand_id","brand_name","desc","part_number","detail","container_material_id","container_part_number","rack_id","rack_pn","create_time","create_user_id","create_user_name","modify_time","modify_user_id","modify_user_name","id") values(NULL,'五倍稀释barcode',NULL,5,'Reagent',15,'接头',16,'华大生物科技/股份公司/BGI',NULL,'BGBC01',NULL,9,'BRMW01',NULL,NULL,'2019-07-06 21:53:56.720952',NULL,'admin','2019-07-06 21:53:56.720952',NULL,'admin',34);
insert into "material"("status","name","short_name","category_id","category_code","type_id","type_name","brand_id","brand_name","desc","part_number","detail","container_material_id","container_part_number","rack_id","rack_pn","create_time","create_user_id","create_user_name","modify_time","modify_user_id","modify_user_name","id") values(NULL,'13层堆栈料架',NULL,1,'Rack',2,'料架',1,'华大智造/MGI','深孔板','MGRK03',NULL,NULL,NULL,NULL,NULL,'2019-07-06 21:37:58.842061',NULL,'admin','2019-07-27 16:13:29.060879',NULL,'admin',4);
insert into "material"("status","name","short_name","category_id","category_code","type_id","type_name","brand_id","brand_name","desc","part_number","detail","container_material_id","container_part_number","rack_id","rack_pn","create_time","create_user_id","create_user_name","modify_time","modify_user_id","modify_user_name","id") values(NULL,'18层堆栈料架',NULL,1,'Rack',2,'料架',1,'华大智造/MGI','PCR板（基准）、酶标板','MGRK04',NULL,NULL,NULL,NULL,NULL,'2019-07-06 21:38:22.995004',NULL,'admin','2019-08-05 16:31:59.691371',NULL,'admin',5);
insert into "material"("status","name","short_name","category_id","category_code","type_id","type_name","brand_id","brand_name","desc","part_number","detail","container_material_id","container_part_number","rack_id","rack_pn","create_time","create_user_id","create_user_name","modify_time","modify_user_id","modify_user_name","id") values(NULL,'7层堆栈料架',NULL,1,'Rack',2,'料架',1,'华大智造/MGI','吸头','MGRK02',NULL,NULL,NULL,NULL,NULL,'2019-07-06 21:37:34.595329',NULL,'admin','2019-07-27 16:13:11.532909',NULL,'admin',3);
insert into "material"("status","name","short_name","category_id","category_code","type_id","type_name","brand_id","brand_name","desc","part_number","detail","container_material_id","container_part_number","rack_id","rack_pn","create_time","create_user_id","create_user_name","modify_time","modify_user_id","modify_user_name","id") values(NULL,'提取磁珠+PK',NULL,5,'Reagent',10,'磁珠',16,'华大生物科技/股份公司/BGI',NULL,'BGBD01',NULL,56,'DNDW01',NULL,NULL,'2019-07-06 21:46:43.627229',NULL,'admin','2019-07-06 21:46:43.627230',NULL,'admin',12);
insert into "material"("status","name","short_name","category_id","category_code","type_id","type_name","brand_id","brand_name","desc","part_number","detail","container_material_id","container_part_number","rack_id","rack_pn","create_time","create_user_id","create_user_name","modify_time","modify_user_id","modify_user_name","id") values(NULL,'纯化磁珠(2号工位45uL)',NULL,5,'Reagent',10,'磁珠',16,'华大生物科技/股份公司/BGI',NULL,'BGBD02',NULL,56,'DNDW01',NULL,NULL,'2019-07-06 21:47:24.071731',NULL,'admin','2019-07-06 21:47:24.071731',NULL,'admin',13);
insert into "material"("status","name","short_name","category_id","category_code","type_id","type_name","brand_id","brand_name","desc","part_number","detail","container_material_id","container_part_number","rack_id","rack_pn","create_time","create_user_id","create_user_name","modify_time","modify_user_id","modify_user_name","id") values(NULL,'纯化磁珠(2号工位30uL)',NULL,5,'Reagent',10,'磁珠',16,'华大生物科技/股份公司/BGI',NULL,'BGBD03',NULL,56,'DNDW01',NULL,NULL,'2019-07-06 21:47:48.704100',NULL,'admin','2019-07-06 21:47:48.704101',NULL,'admin',14);
insert into "material"("status","name","short_name","category_id","category_code","type_id","type_name","brand_id","brand_name","desc","part_number","detail","container_material_id","container_part_number","rack_id","rack_pn","create_time","create_user_id","create_user_name","modify_time","modify_user_id","modify_user_name","id") values(NULL,'纯化磁珠(3号工位40uL)',NULL,5,'Reagent',10,'磁珠',16,'华大生物科技/股份公司/BGI',NULL,'BGBD04',NULL,56,'DNDW01',NULL,NULL,'2019-07-06 21:48:12.999010',NULL,'admin','2019-07-06 21:48:12.999011',NULL,'admin',15);
insert into "material"("status","name","short_name","category_id","category_code","type_id","type_name","brand_id","brand_name","desc","part_number","detail","container_material_id","container_part_number","rack_id","rack_pn","create_time","create_user_id","create_user_name","modify_time","modify_user_id","modify_user_name","id") values(NULL,'纯化磁珠(4号工位50uL)',NULL,5,'Reagent',10,'磁珠',16,'华大生物科技/股份公司/BGI',NULL,'BGBD05',NULL,56,'DNDW01',NULL,NULL,'2019-07-06 21:48:29.264203',NULL,'admin','2019-07-06 21:48:29.264203',NULL,'admin',16);
insert into "material"("status","name","short_name","category_id","category_code","type_id","type_name","brand_id","brand_name","desc","part_number","detail","container_material_id","container_part_number","rack_id","rack_pn","create_time","create_user_id","create_user_name","modify_time","modify_user_id","modify_user_name","id") values(NULL,'TE(1、4号工位70uL)',NULL,5,'Reagent',19,'洗脱液',16,'华大生物科技/股份公司/BGI',NULL,'BGTE01',NULL,56,'DNDW01',NULL,NULL,'2019-07-06 21:48:56.832673',NULL,'admin','2019-07-06 21:48:56.832673',NULL,'admin',17);
insert into "material"("status","name","short_name","category_id","category_code","type_id","type_name","brand_id","brand_name","desc","part_number","detail","container_material_id","container_part_number","rack_id","rack_pn","create_time","create_user_id","create_user_name","modify_time","modify_user_id","modify_user_name","id") values(NULL,'TE(2号工位94uL)',NULL,5,'Reagent',19,'洗脱液',16,'华大生物科技/股份公司/BGI',NULL,'BGTE02',NULL,56,'DNDW01',NULL,NULL,'2019-07-06 21:49:17.502654',NULL,'admin','2019-07-06 21:49:17.502654',NULL,'admin',18);
insert into "material"("status","name","short_name","category_id","category_code","type_id","type_name","brand_id","brand_name","desc","part_number","detail","container_material_id","container_part_number","rack_id","rack_pn","create_time","create_user_id","create_user_name","modify_time","modify_user_id","modify_user_name","id") values(NULL,'TE(3号工位46uL)',NULL,5,'Reagent',19,'洗脱液',16,'华大生物科技/股份公司/BGI',NULL,'BGTE03',NULL,56,'DNDW01',NULL,NULL,'2019-07-06 21:49:39.295483',NULL,'admin','2019-07-06 21:49:39.295483',NULL,'admin',19);
insert into "material"("status","name","short_name","category_id","category_code","type_id","type_name","brand_id","brand_name","desc","part_number","detail","container_material_id","container_part_number","rack_id","rack_pn","create_time","create_user_id","create_user_name","modify_time","modify_user_id","modify_user_name","id") values(NULL,'金源250uL有滤芯吸头(拔2个)',NULL,4,'Tips',24,'普通有滤芯吸头',8,'金源',NULL,'GETF02',NULL,NULL,NULL,3,'MGRK02','2019-07-29 11:03:20.686985',NULL,'admin','2019-11-19 14:59:11.611150',NULL,'admin',41);
insert into "material"("status","name","short_name","category_id","category_code","type_id","type_name","brand_id","brand_name","desc","part_number","detail","container_material_id","container_part_number","rack_id","rack_pn","create_time","create_user_id","create_user_name","modify_time","modify_user_id","modify_user_name","id") values(NULL,'金源250uL无滤芯吸头(拔2个)',NULL,4,'Tips',6,'吸头',8,'金源',NULL,'GETP02',NULL,NULL,NULL,3,'MGRK02','2019-07-06 21:45:05.890468',NULL,'admin','2019-11-19 14:59:02.718252',NULL,'admin',11);
insert into "material"("status","name","short_name","category_id","category_code","type_id","type_name","brand_id","brand_name","desc","part_number","detail","container_material_id","container_part_number","rack_id","rack_pn","create_time","create_user_id","create_user_name","modify_time","modify_user_id","modify_user_name","id") values(NULL,'PCR密封垫',NULL,8,'PCRLid',22,'PCR密封垫',1,'华大智造/MGI',NULL,'MGPL01',NULL,NULL,NULL,NULL,NULL,'2019-07-29 11:13:29.070994',NULL,'admin','2019-11-18 14:30:00.992081',NULL,'admin',43);
insert into "material"("status","name","short_name","category_id","category_code","type_id","type_name","brand_id","brand_name","desc","part_number","detail","container_material_id","container_part_number","rack_id","rack_pn","create_time","create_user_id","create_user_name","modify_time","modify_user_id","modify_user_name","id") values(NULL,'4层堆栈料架（1mL）',NULL,1,'Rack',2,'料架',1,'华大智造/MGI','NIFTY产线Hamilton吸头（1mL）','MGRK01',NULL,NULL,NULL,NULL,NULL,'2019-07-06 21:31:10.835210',NULL,'admin','2019-12-24 15:39:51.260020',NULL,'admin',2);
insert into "material"("status","name","short_name","category_id","category_code","type_id","type_name","brand_id","brand_name","desc","part_number","detail","container_material_id","container_part_number","rack_id","rack_pn","create_time","create_user_id","create_user_name","modify_time","modify_user_id","modify_user_name","id") values(NULL,'金源250uL无滤芯吸头',NULL,4,'Tips',6,'吸头',8,'金源',NULL,'GETP01',NULL,NULL,NULL,3,'MGRK02','2019-07-06 21:45:05.854026',NULL,'admin','2019-11-19 14:58:57.810414',NULL,'admin',10);
insert into "material"("status","name","short_name","category_id","category_code","type_id","type_name","brand_id","brand_name","desc","part_number","detail","container_material_id","container_part_number","rack_id","rack_pn","create_time","create_user_id","create_user_name","modify_time","modify_user_id","modify_user_name","id") values(NULL,'透明50uL无滤芯吸头',NULL,4,'Tips',6,'普通无滤芯吸头',11,'康荣',NULL,'CRTP01',NULL,NULL,NULL,7,'MGRK06','2019-07-29 11:05:12.693799',NULL,'admin','2019-10-31 11:52:22.178444',NULL,'admin',42);
insert into "material"("status","name","short_name","category_id","category_code","type_id","type_name","brand_id","brand_name","desc","part_number","detail","container_material_id","container_part_number","rack_id","rack_pn","create_time","create_user_id","create_user_name","modify_time","modify_user_id","modify_user_name","id") values(NULL,'金源250uL有滤芯吸头',NULL,4,'Tips',24,'普通有滤芯吸头',8,'金源',NULL,'GETF01',NULL,NULL,NULL,3,'MGRK02','2019-07-29 11:02:18.278585',NULL,'admin','2019-11-19 14:59:07.069524',NULL,'admin',40);
insert into "material"("status","name","short_name","category_id","category_code","type_id","type_name","brand_id","brand_name","desc","part_number","detail","container_material_id","container_part_number","rack_id","rack_pn","create_time","create_user_id","create_user_name","modify_time","modify_user_id","modify_user_name","id") values(NULL,'透明300uL无滤芯吸头',NULL,4,'Tips',6,'普通无滤芯吸头',11,'康荣',NULL,'CRTP02',NULL,NULL,NULL,7,'MGRK06','2019-07-29 11:18:25.201802',NULL,'admin','2019-10-31 11:52:28.932935',NULL,'admin',45);
insert into "material"("status","name","short_name","category_id","category_code","type_id","type_name","brand_id","brand_name","desc","part_number","detail","container_material_id","container_part_number","rack_id","rack_pn","create_time","create_user_id","create_user_name","modify_time","modify_user_id","modify_user_name","id") values(NULL,'透明50uL有滤芯吸头',NULL,4,'Tips',24,'普通有滤芯吸头',11,'康荣',NULL,'CRTF01',NULL,NULL,NULL,7,'MGRK06','2019-07-29 11:19:12.654235',NULL,'admin','2019-10-31 11:53:08.074536',NULL,'admin',47);
insert into "material"("status","name","short_name","category_id","category_code","type_id","type_name","brand_id","brand_name","desc","part_number","detail","container_material_id","container_part_number","rack_id","rack_pn","create_time","create_user_id","create_user_name","modify_time","modify_user_id","modify_user_name","id") values(NULL,'透明300uL有滤芯吸头',NULL,4,'Tips',24,'普通有滤芯吸头',11,'康荣',NULL,'CRTF02',NULL,NULL,NULL,7,'MGRK06','2019-07-29 11:19:42.443422',NULL,'admin','2019-10-31 11:53:13.865495',NULL,'admin',48);
insert into "material"("status","name","short_name","category_id","category_code","type_id","type_name","brand_id","brand_name","desc","part_number","detail","container_material_id","container_part_number","rack_id","rack_pn","create_time","create_user_id","create_user_name","modify_time","modify_user_id","modify_user_name","id") values(NULL,'导电50uL无滤芯吸头',NULL,4,'Tips',25,'导电无滤芯吸头',11,'康荣',NULL,'CRAP01',NULL,NULL,NULL,7,'MGRK06','2019-07-29 11:20:19.888605',NULL,'admin','2019-10-31 11:53:27.500375',NULL,'admin',50);
insert into "material"("status","name","short_name","category_id","category_code","type_id","type_name","brand_id","brand_name","desc","part_number","detail","container_material_id","container_part_number","rack_id","rack_pn","create_time","create_user_id","create_user_name","modify_time","modify_user_id","modify_user_name","id") values(NULL,'导电300uL无滤芯吸头',NULL,4,'Tips',25,'导电无滤芯吸头',11,'康荣',NULL,'CRAP02',NULL,NULL,NULL,7,'MGRK06','2019-07-29 13:52:39.888188',NULL,'admin','2019-10-31 11:53:35.221221',NULL,'admin',51);
insert into "material"("status","name","short_name","category_id","category_code","type_id","type_name","brand_id","brand_name","desc","part_number","detail","container_material_id","container_part_number","rack_id","rack_pn","create_time","create_user_id","create_user_name","modify_time","modify_user_id","modify_user_name","id") values(NULL,'导电50uL有滤芯吸头',NULL,4,'Tips',26,'导电有滤芯吸头',11,'康荣',NULL,'CRAF01',NULL,NULL,NULL,7,'MGRK06','2019-07-29 14:09:12.344515',NULL,'admin','2019-10-31 11:53:48.421223',NULL,'admin',53);
insert into "material"("status","name","short_name","category_id","category_code","type_id","type_name","brand_id","brand_name","desc","part_number","detail","container_material_id","container_part_number","rack_id","rack_pn","create_time","create_user_id","create_user_name","modify_time","modify_user_id","modify_user_name","id") values(NULL,'导电300uL有滤芯吸头',NULL,4,'Tips',26,'导电有滤芯吸头',11,'康荣',NULL,'CRAF02',NULL,NULL,NULL,7,'MGRK06','2019-07-29 14:09:41.724418',NULL,'admin','2019-10-31 11:53:53.639295',NULL,'admin',54);
insert into "material"("status","name","short_name","category_id","category_code","type_id","type_name","brand_id","brand_name","desc","part_number","detail","container_material_id","container_part_number","rack_id","rack_pn","create_time","create_user_id","create_user_name","modify_time","modify_user_id","modify_user_name","id") values(NULL,'PCR密封垫支架',NULL,9,'PCRLidHolder',23,'PCR密封垫支架',1,'华大智造/MGI',NULL,'MGPH01',NULL,NULL,NULL,NULL,NULL,'2019-07-29 11:15:36.120569',NULL,'admin','2019-11-15 09:59:31.729191',NULL,'admin',44);
insert into "material"("status","name","short_name","category_id","category_code","type_id","type_name","brand_id","brand_name","desc","part_number","detail","container_material_id","container_part_number","rack_id","rack_pn","create_time","create_user_id","create_user_name","modify_time","modify_user_id","modify_user_name","id") values(NULL,'4层堆栈料架（50 & 300μL）',NULL,1,'Rack',2,'料架',1,'华大智造/MGI','暂未使用','MGRK06',NULL,NULL,NULL,NULL,NULL,'2019-07-06 21:39:11.890239',NULL,'admin','2019-12-24 15:40:29.887945',NULL,'admin',7);
insert into "material"("status","name","short_name","category_id","category_code","type_id","type_name","brand_id","brand_name","desc","part_number","detail","container_material_id","container_part_number","rack_id","rack_pn","create_time","create_user_id","create_user_name","modify_time","modify_user_id","modify_user_name","id") values(NULL,'7层堆栈料架（50 & 300μL）',NULL,1,'Rack',2,'料架',1,'华大智造/MGI','NIFTY&WGS产线Hamilton吸头（50 &300μL）','MGRK05',NULL,NULL,NULL,NULL,NULL,'2019-07-06 21:38:51.337768',NULL,'admin','2019-12-24 15:41:10.039614',NULL,'admin',6);
insert into "material"("status","name","short_name","category_id","category_code","type_id","type_name","brand_id","brand_name","desc","part_number","detail","container_material_id","container_part_number","rack_id","rack_pn","create_time","create_user_id","create_user_name","modify_time","modify_user_id","modify_user_name","id") values(NULL,'PCR反应mix',NULL,5,'Reagent',12,'混合液',16,'华大生物科技/股份公司/BGI',NULL,'BGMX03',NULL,9,'BRMW01',NULL,NULL,'2019-07-06 21:51:53.919667',NULL,'admin','2020-02-25 18:01:23.374626',NULL,'admin',26);
insert into "material"("status","name","short_name","category_id","category_code","type_id","type_name","brand_id","brand_name","desc","part_number","detail","container_material_id","container_part_number","rack_id","rack_pn","create_time","create_user_id","create_user_name","modify_time","modify_user_id","modify_user_name","id") values(NULL,'基因库样本',NULL,6,'Sample',20,'样本',13,'国家基因库/GeneBank',NULL,'GBSP12',NULL,9,'BRMW01',NULL,NULL,'2019-07-06 21:56:25.258059',NULL,'admin','2020-01-03 17:13:26.214585',NULL,'admin',36);
insert into "material"("status","name","short_name","category_id","category_code","type_id","type_name","brand_id","brand_name","desc","part_number","detail","container_material_id","container_part_number","rack_id","rack_pn","create_time","create_user_id","create_user_name","modify_time","modify_user_id","modify_user_name","id") values(NULL,'2X单链环化makeDNB试剂板',NULL,5,'Reagent',12,'混合液',16,'华大生物科技/股份公司/BGI',NULL,'BGMX04',NULL,9,'BRMW01',NULL,NULL,'2019-07-06 21:52:15.399986',NULL,'admin','2020-02-25 18:01:34.923720',NULL,'admin',27);
insert into "material"("status","name","short_name","category_id","category_code","type_id","type_name","brand_id","brand_name","desc","part_number","detail","container_material_id","container_part_number","rack_id","rack_pn","create_time","create_user_id","create_user_name","modify_time","modify_user_id","modify_user_name","id") values(NULL,'75%乙醇(300uL)',NULL,5,'Reagent',9,'乙醇',16,'华大生物科技/股份公司/BGI',NULL,'BGET01',NULL,56,'DNDW01',NULL,NULL,'2019-07-06 21:49:57.699417',NULL,'admin','2019-07-06 21:49:57.699418',NULL,'admin',20);
insert into "material"("status","name","short_name","category_id","category_code","type_id","type_name","brand_id","brand_name","desc","part_number","detail","container_material_id","container_part_number","rack_id","rack_pn","create_time","create_user_id","create_user_name","modify_time","modify_user_id","modify_user_name","id") values(NULL,'裂解液',NULL,5,'Reagent',16,'裂解液',16,'华大生物科技/股份公司/BGI',NULL,'BGLE01',NULL,56,'DNDW01',NULL,NULL,'2019-07-06 21:50:15.474982',NULL,'admin','2019-07-06 21:50:15.474983',NULL,'admin',21);
insert into "material"("status","name","short_name","category_id","category_code","type_id","type_name","brand_id","brand_name","desc","part_number","detail","container_material_id","container_part_number","rack_id","rack_pn","create_time","create_user_id","create_user_name","modify_time","modify_user_id","modify_user_name","id") values(NULL,'透明1000uL有滤芯吸头',NULL,4,'Tips',24,'普通有滤芯吸头',11,'康荣',NULL,'CRTF03',NULL,NULL,NULL,2,'MGRK01','2019-07-29 11:19:58.131072',NULL,'admin','2020-03-31 11:04:48.392000',NULL,'admin',49);
insert into "material"("status","name","short_name","category_id","category_code","type_id","type_name","brand_id","brand_name","desc","part_number","detail","container_material_id","container_part_number","rack_id","rack_pn","create_time","create_user_id","create_user_name","modify_time","modify_user_id","modify_user_name","id") values(NULL,'导电1000uL有滤芯吸头',NULL,4,'Tips',26,'导电有滤芯吸头',11,'康荣',NULL,'CRAF03',NULL,NULL,NULL,2,'MGRK01','2019-07-29 14:10:12.770072',NULL,'admin','2020-03-31 11:05:03.875983',NULL,'admin',55);
insert into "material"("status","name","short_name","category_id","category_code","type_id","type_name","brand_id","brand_name","desc","part_number","detail","container_material_id","container_part_number","rack_id","rack_pn","create_time","create_user_id","create_user_name","modify_time","modify_user_id","modify_user_name","id") values(NULL,'导电1000uL无滤芯吸头',NULL,4,'Tips',25,'导电无滤芯吸头',11,'康荣',NULL,'CRAP03',NULL,NULL,NULL,2,'MGRK01','2019-07-29 13:53:47.798517',NULL,'admin','2020-03-31 11:05:22.927669',NULL,'admin',52);
insert into "material"("status","name","short_name","category_id","category_code","type_id","type_name","brand_id","brand_name","desc","part_number","detail","container_material_id","container_part_number","rack_id","rack_pn","create_time","create_user_id","create_user_name","modify_time","modify_user_id","modify_user_name","id") values(NULL,'清洗液1',NULL,5,'Reagent',17,'清洗液1',16,'华大生物科技/股份公司/BGI',NULL,'BGW101',NULL,56,'DNDW01',NULL,NULL,'2019-07-06 21:50:35.610910',NULL,'admin','2019-07-06 21:50:35.610911',NULL,'admin',22);
insert into "material"("status","name","short_name","category_id","category_code","type_id","type_name","brand_id","brand_name","desc","part_number","detail","container_material_id","container_part_number","rack_id","rack_pn","create_time","create_user_id","create_user_name","modify_time","modify_user_id","modify_user_name","id") values(NULL,'清洗液2',NULL,5,'Reagent',18,'清洗液2',16,'华大生物科技/股份公司/BGI',NULL,'BGW201',NULL,56,'DNDW01',NULL,NULL,'2019-07-06 21:50:49.747487',NULL,'admin','2019-07-06 21:50:49.747487',NULL,'admin',23);
insert into "material"("status","name","short_name","category_id","category_code","type_id","type_name","brand_id","brand_name","desc","part_number","detail","container_material_id","container_part_number","rack_id","rack_pn","create_time","create_user_id","create_user_name","modify_time","modify_user_id","modify_user_name","id") values(NULL,'股份公司样本',NULL,6,'Sample',20,'样本',16,'华大生物科技/股份公司/BGI',NULL,'BGSP15',NULL,56,'DNDW01',NULL,NULL,'2019-07-06 21:56:01.277047',NULL,'admin','2019-09-06 18:01:59.553103',NULL,'admin',35);
insert into "material"("status","name","short_name","category_id","category_code","type_id","type_name","brand_id","brand_name","desc","part_number","detail","container_material_id","container_part_number","rack_id","rack_pn","create_time","create_user_id","create_user_name","modify_time","modify_user_id","modify_user_name","id") values(NULL,'Dig Enzyme-工位3-96XL-MST',NULL,5,'Reagent',11,'酶',13,'国家基因库/GeneBank',NULL,'GBEZ04',NULL,57,'MSMW01',NULL,NULL,'2019-10-22 18:37:04.652906',NULL,'admin','2019-12-12 09:48:12.032628',NULL,'admin',73);
insert into "material"("status","name","short_name","category_id","category_code","type_id","type_name","brand_id","brand_name","desc","part_number","detail","container_material_id","container_part_number","rack_id","rack_pn","create_time","create_user_id","create_user_name","modify_time","modify_user_id","modify_user_name","id") values(NULL,'Barcode-工位3-96XL-MST',NULL,5,'Reagent',15,'接头',13,'国家基因库/GeneBank',NULL,'GBBC01',NULL,57,'MSMW01',NULL,NULL,'2019-10-22 18:37:40.426355',NULL,'admin','2019-12-12 09:48:17.811990',NULL,'admin',74);
insert into "material"("status","name","short_name","category_id","category_code","type_id","type_name","brand_id","brand_name","desc","part_number","detail","container_material_id","container_part_number","rack_id","rack_pn","create_time","create_user_id","create_user_name","modify_time","modify_user_id","modify_user_name","id") values(NULL,'Ad Enhancer-工位3-96XL-MST',NULL,5,'Reagent',7,'缓冲液',13,'国家基因库/GeneBank',NULL,'GBBF03',NULL,57,'MSMW01',NULL,NULL,'2019-10-22 18:29:46.350143',NULL,'admin','2019-12-12 09:47:30.552868',NULL,'admin',61);
insert into "material"("status","name","short_name","category_id","category_code","type_id","type_name","brand_id","brand_name","desc","part_number","detail","container_material_id","container_part_number","rack_id","rack_pn","create_time","create_user_id","create_user_name","modify_time","modify_user_id","modify_user_name","id") values(NULL,'21层冰箱料架',NULL,1,'Rack',2,'料架',2,'Thermo',NULL,'TMRK02',NULL,NULL,NULL,NULL,NULL,'2019-10-27 16:37:18.113450',NULL,'admin','2019-10-31 15:43:44.507503',NULL,'admin',80);
insert into "material"("status","name","short_name","category_id","category_code","type_id","type_name","brand_id","brand_name","desc","part_number","detail","container_material_id","container_part_number","rack_id","rack_pn","create_time","create_user_id","create_user_name","modify_time","modify_user_id","modify_user_name","id") values(NULL,'BeadsSmall-工位2-96XL-DNDW',NULL,5,'Reagent',10,'磁珠',13,'国家基因库/GeneBank',NULL,'GBBD02',NULL,56,'DNDW01',NULL,NULL,'2019-10-22 18:34:04.951659',NULL,'admin','2019-12-12 09:46:31.285864',NULL,'admin',66);
insert into "material"("status","name","short_name","category_id","category_code","type_id","type_name","brand_id","brand_name","desc","part_number","detail","container_material_id","container_part_number","rack_id","rack_pn","create_time","create_user_id","create_user_name","modify_time","modify_user_id","modify_user_name","id") values(NULL,'Bio-Rad全裙边PCR板',NULL,3,'Consumable',4,'PCR板',4,'Bio-Rad','基准','BRMW01',NULL,NULL,NULL,5,'MGRK04','2019-07-06 21:43:51.315221',NULL,'admin','2019-10-29 14:03:33.179574',NULL,'admin',9);
insert into "material"("status","name","short_name","category_id","category_code","type_id","type_name","brand_id","brand_name","desc","part_number","detail","container_material_id","container_part_number","rack_id","rack_pn","create_time","create_user_id","create_user_name","modify_time","modify_user_id","modify_user_name","id") values(NULL,'Beads-工位4-96XL-DNDW',NULL,5,'Reagent',10,'磁珠',13,'国家基因库/GeneBank',NULL,'GBBD03',NULL,56,'DNDW01',NULL,NULL,'2019-10-22 18:34:27.689649',NULL,'admin','2019-12-12 09:46:37.435530',NULL,'admin',67);
insert into "material"("status","name","short_name","category_id","category_code","type_id","type_name","brand_id","brand_name","desc","part_number","detail","container_material_id","container_part_number","rack_id","rack_pn","create_time","create_user_id","create_user_name","modify_time","modify_user_id","modify_user_name","id") values(NULL,'美森特全裙边PCR板',NULL,3,'Consumable',4,'PCR板',5,'美森特',NULL,'MSMW01',NULL,NULL,NULL,5,'MGRK04','2019-10-22 17:58:11.488251',NULL,'admin','2019-10-29 14:03:53.918251',NULL,'admin',57);
insert into "material"("status","name","short_name","category_id","category_code","type_id","type_name","brand_id","brand_name","desc","part_number","detail","container_material_id","container_part_number","rack_id","rack_pn","create_time","create_user_id","create_user_name","modify_time","modify_user_id","modify_user_name","id") values(NULL,'PCR Primer-工位3-96XL-MST',NULL,5,'Reagent',13,'引物',13,'国家基因库/GeneBank',NULL,'GBPM01',NULL,57,'MSMW01',NULL,NULL,'2019-10-22 18:38:10.131209',NULL,'admin','2019-12-12 09:48:24.449247',NULL,'admin',75);
insert into "material"("status","name","short_name","category_id","category_code","type_id","type_name","brand_id","brand_name","desc","part_number","detail","container_material_id","container_part_number","rack_id","rack_pn","create_time","create_user_id","create_user_name","modify_time","modify_user_id","modify_user_name","id") values(NULL,'Cir Buffer-工位3-96XL-MST',NULL,5,'Reagent',7,'缓冲液',13,'国家基因库/GeneBank',NULL,'GBBF04',NULL,57,'MSMW01',NULL,NULL,'2019-10-22 18:30:45.291700',NULL,'admin','2019-12-12 09:47:35.629571',NULL,'admin',62);
insert into "material"("status","name","short_name","category_id","category_code","type_id","type_name","brand_id","brand_name","desc","part_number","detail","container_material_id","container_part_number","rack_id","rack_pn","create_time","create_user_id","create_user_name","modify_time","modify_user_id","modify_user_name","id") values(NULL,'连接mix',NULL,5,'Reagent',12,'混合液',16,'华大生物科技/股份公司/BGI',NULL,'BGMX02',NULL,9,'BRMW01',NULL,NULL,'2019-07-06 21:51:41.816627',NULL,'admin','2020-02-25 18:02:32.893960',NULL,'admin',25);
insert into "material"("status","name","short_name","category_id","category_code","type_id","type_name","brand_id","brand_name","desc","part_number","detail","container_material_id","container_part_number","rack_id","rack_pn","create_time","create_user_id","create_user_name","modify_time","modify_user_id","modify_user_name","id") values(NULL,'8X单链环化makeDNB试剂板',NULL,5,'Reagent',12,'混合液',16,'华大生物科技/股份公司/BGI',NULL,'BGMX06',NULL,9,'BRMW01',NULL,NULL,'2020-02-25 18:00:22.196201',NULL,'admin','2020-02-25 18:00:22.196204',NULL,'admin',86);
insert into "material"("status","name","short_name","category_id","category_code","type_id","type_name","brand_id","brand_name","desc","part_number","detail","container_material_id","container_part_number","rack_id","rack_pn","create_time","create_user_id","create_user_name","modify_time","modify_user_id","modify_user_name","id") values(NULL,'TE-96XL-DNDW',NULL,5,'Reagent',19,'洗脱液',13,'国家基因库/GeneBank',NULL,'GBTE01',NULL,56,'DNDW01',NULL,NULL,'2019-10-22 18:07:39.013914',NULL,'admin','2019-12-12 09:46:05.832968',NULL,'admin',58);
insert into "material"("status","name","short_name","category_id","category_code","type_id","type_name","brand_id","brand_name","desc","part_number","detail","container_material_id","container_part_number","rack_id","rack_pn","create_time","create_user_id","create_user_name","modify_time","modify_user_id","modify_user_name","id") values(NULL,'Ethanol80%-96XL-DNDW',NULL,5,'Reagent',9,'乙醇',13,'国家基因库/GeneBank',NULL,'GBET01',NULL,56,'DNDW01',NULL,NULL,'2019-10-22 18:32:32.508100',NULL,'admin','2019-12-12 09:46:19.493029',NULL,'admin',64);
insert into "material"("status","name","short_name","category_id","category_code","type_id","type_name","brand_id","brand_name","desc","part_number","detail","container_material_id","container_part_number","rack_id","rack_pn","create_time","create_user_id","create_user_name","modify_time","modify_user_id","modify_user_name","id") values(NULL,'Beads-工位5-96XL-DNDW',NULL,5,'Reagent',10,'磁珠',13,'国家基因库/GeneBank',NULL,'GBBD04',NULL,56,'DNDW01',NULL,NULL,'2019-10-22 18:34:51.445039',NULL,'admin','2019-12-12 09:46:44.526126',NULL,'admin',68);
insert into "material"("status","name","short_name","category_id","category_code","type_id","type_name","brand_id","brand_name","desc","part_number","detail","container_material_id","container_part_number","rack_id","rack_pn","create_time","create_user_id","create_user_name","modify_time","modify_user_id","modify_user_name","id") values(NULL,'10层冰箱料架',NULL,1,'Rack',2,'料架',2,'Thermo',NULL,'TMRK01',NULL,NULL,NULL,NULL,NULL,'2019-10-27 16:36:39.762305',NULL,'admin','2019-10-31 15:43:35.198748',NULL,'admin',79);
insert into "material"("status","name","short_name","category_id","category_code","type_id","type_name","brand_id","brand_name","desc","part_number","detail","container_material_id","container_part_number","rack_id","rack_pn","create_time","create_user_id","create_user_name","modify_time","modify_user_id","modify_user_name","id") values(NULL,'Beads-工位7-96XL-DNDW',NULL,5,'Reagent',10,'磁珠',13,'国家基因库/GeneBank',NULL,'GBBD05',NULL,56,'DNDW01',NULL,NULL,'2019-10-22 18:35:15.456573',NULL,'admin','2019-12-12 09:46:52.813234',NULL,'admin',69);
insert into "material"("status","name","short_name","category_id","category_code","type_id","type_name","brand_id","brand_name","desc","part_number","detail","container_material_id","container_part_number","rack_id","rack_pn","create_time","create_user_id","create_user_name","modify_time","modify_user_id","modify_user_name","id") values(NULL,'Dig Buffer-工位3-96XL-MST',NULL,5,'Reagent',7,'缓冲液',13,'国家基因库/GeneBank',NULL,'GBBF05',NULL,57,'MSMW01',NULL,NULL,'2019-10-22 18:31:11.766140',NULL,'admin','2019-12-12 09:47:41.843005',NULL,'admin',63);
insert into "material"("status","name","short_name","category_id","category_code","type_id","type_name","brand_id","brand_name","desc","part_number","detail","container_material_id","container_part_number","rack_id","rack_pn","create_time","create_user_id","create_user_name","modify_time","modify_user_id","modify_user_name","id") values(NULL,'ER Enzyme-工位3-96XL-MST',NULL,5,'Reagent',11,'酶',13,'国家基因库/GeneBank',NULL,'GBEZ01',NULL,57,'MSMW01',NULL,NULL,'2019-10-22 18:35:47.752217',NULL,'admin','2019-12-12 09:47:54.365184',NULL,'admin',70);
insert into "material"("status","name","short_name","category_id","category_code","type_id","type_name","brand_id","brand_name","desc","part_number","detail","container_material_id","container_part_number","rack_id","rack_pn","create_time","create_user_id","create_user_name","modify_time","modify_user_id","modify_user_name","id") values(NULL,'Ad Enzyme-工位3-96XL-MST',NULL,5,'Reagent',11,'酶',13,'国家基因库/GeneBank',NULL,'GBEZ02',NULL,57,'MSMW01',NULL,NULL,'2019-10-22 18:36:18.766367',NULL,'admin','2019-12-12 09:47:59.483113',NULL,'admin',71);
insert into "material"("status","name","short_name","category_id","category_code","type_id","type_name","brand_id","brand_name","desc","part_number","detail","container_material_id","container_part_number","rack_id","rack_pn","create_time","create_user_id","create_user_name","modify_time","modify_user_id","modify_user_name","id") values(NULL,'Cir Enzyme-工位3-96XL-MST',NULL,5,'Reagent',11,'酶',13,'国家基因库/GeneBank',NULL,'GBEZ03',NULL,57,'MSMW01',NULL,NULL,'2019-10-22 18:36:43.528042',NULL,'admin','2019-12-12 09:48:06.382708',NULL,'admin',72);
insert into "material"("status","name","short_name","category_id","category_code","type_id","type_name","brand_id","brand_name","desc","part_number","detail","container_material_id","container_part_number","rack_id","rack_pn","create_time","create_user_id","create_user_name","modify_time","modify_user_id","modify_user_name","id") values(NULL,'PCR Mix-工位3-96XL-MST',NULL,5,'Reagent',12,'混合液',13,'国家基因库/GeneBank',NULL,'GBMX01',NULL,57,'MSMW01',NULL,NULL,'2019-10-22 18:38:37.078593',NULL,'admin','2019-12-12 09:48:30.707437',NULL,'admin',76);
insert into "material"("status","name","short_name","category_id","category_code","type_id","type_name","brand_id","brand_name","desc","part_number","detail","container_material_id","container_part_number","rack_id","rack_pn","create_time","create_user_id","create_user_name","modify_time","modify_user_id","modify_user_name","id") values(NULL,'PCR Water-工位3-96XL-MST',NULL,5,'Reagent',14,'水',13,'国家基因库/GeneBank',NULL,'GBWT01',NULL,57,'MSMW01',NULL,NULL,'2019-10-22 18:43:20.008728',NULL,'admin','2019-12-12 09:48:37.985200',NULL,'admin',77);
insert into "material"("status","name","short_name","category_id","category_code","type_id","type_name","brand_id","brand_name","desc","part_number","detail","container_material_id","container_part_number","rack_id","rack_pn","create_time","create_user_id","create_user_name","modify_time","modify_user_id","modify_user_name","id") values(NULL,'Oligo-工位3-96XL-MST',NULL,5,'Reagent',13,'引物',13,'国家基因库/GeneBank',NULL,'GBPM02',NULL,57,'MSMW01',NULL,NULL,'2019-10-22 18:43:47.988888',NULL,'admin','2019-12-12 09:48:44.516164',NULL,'admin',78);
insert into "material"("status","name","short_name","category_id","category_code","type_id","type_name","brand_id","brand_name","desc","part_number","detail","container_material_id","container_part_number","rack_id","rack_pn","create_time","create_user_id","create_user_name","modify_time","modify_user_id","modify_user_name","id") values(NULL,'5X单链环化makeDNB试剂板',NULL,5,'Reagent',12,'混合液',16,'华大生物科技/股份公司/BGI',NULL,'BGMX05',NULL,9,'BRMW01',NULL,NULL,'2020-02-25 17:58:12.899604',NULL,'admin','2020-02-25 18:01:44.331453',NULL,'admin',85);
insert into "material"("status","name","short_name","category_id","category_code","type_id","type_name","brand_id","brand_name","desc","part_number","detail","container_material_id","container_part_number","rack_id","rack_pn","create_time","create_user_id","create_user_name","modify_time","modify_user_id","modify_user_name","id") values(NULL,'BeadsLarge-工位2-96XL-DNDW',NULL,5,'Reagent',10,'磁珠',13,'国家基因库/GeneBank',NULL,'GBBD01',NULL,56,'DNDW01',NULL,NULL,'2019-10-22 18:33:34.607553',NULL,'admin','2019-12-12 09:46:25.422399',NULL,'admin',65);
insert into "material"("status","name","short_name","category_id","category_code","type_id","type_name","brand_id","brand_name","desc","part_number","detail","container_material_id","container_part_number","rack_id","rack_pn","create_time","create_user_id","create_user_name","modify_time","modify_user_id","modify_user_name","id") values(NULL,'ER Buffer-工位3-96XL-MST',NULL,5,'Reagent',7,'缓冲液',13,'国家基因库/GeneBank',NULL,'GBBF01',NULL,57,'MSMW01',NULL,NULL,'2019-10-22 18:09:20.433630',NULL,'admin','2019-12-12 09:47:19.847135',NULL,'admin',59);
insert into "material"("status","name","short_name","category_id","category_code","type_id","type_name","brand_id","brand_name","desc","part_number","detail","container_material_id","container_part_number","rack_id","rack_pn","create_time","create_user_id","create_user_name","modify_time","modify_user_id","modify_user_name","id") values(NULL,'Ad Buffer-工位3-96XL-MST',NULL,5,'Reagent',7,'缓冲液',13,'国家基因库/GeneBank',NULL,'GBBF02',NULL,57,'MSMW01',NULL,NULL,'2019-10-22 18:28:09.562063',NULL,'admin','2019-12-12 09:47:25.939983',NULL,'admin',60);
insert into "material"("status","name","short_name","category_id","category_code","type_id","type_name","brand_id","brand_name","desc","part_number","detail","container_material_id","container_part_number","rack_id","rack_pn","create_time","create_user_id","create_user_name","modify_time","modify_user_id","modify_user_name","id") values(NULL,'基因库片选产物',NULL,7,'InterSample',28,'中间样本',13,'国家基因库/GeneBank',NULL,'GBRS02',NULL,9,'BRMW01',NULL,NULL,'2020-03-02 12:10:45.044672',NULL,'admin','2020-03-02 13:37:10.781675',NULL,'admin',88);
insert into "material"("status","name","short_name","category_id","category_code","type_id","type_name","brand_id","brand_name","desc","part_number","detail","container_material_id","container_part_number","rack_id","rack_pn","create_time","create_user_id","create_user_name","modify_time","modify_user_id","modify_user_name","id") values(NULL,'基因库连接产物',NULL,7,'InterSample',28,'中间样本',13,'国家基因库/GeneBank',NULL,'GBRS03',NULL,9,'BRMW01',NULL,NULL,'2020-03-02 12:11:37.304187',NULL,'admin','2020-03-02 13:37:39.405243',NULL,'admin',89);
insert into "material"("status","name","short_name","category_id","category_code","type_id","type_name","brand_id","brand_name","desc","part_number","detail","container_material_id","container_part_number","rack_id","rack_pn","create_time","create_user_id","create_user_name","modify_time","modify_user_id","modify_user_name","id") values(NULL,'基因库PCR产物',NULL,7,'InterSample',28,'中间样本',13,'国家基因库/GeneBank',NULL,'GBRS04',NULL,9,'BRMW01',NULL,NULL,'2020-03-02 12:12:28.975431',NULL,'admin','2020-03-02 13:37:59.440728',NULL,'admin',90);
insert into "material"("status","name","short_name","category_id","category_code","type_id","type_name","brand_id","brand_name","desc","part_number","detail","container_material_id","container_part_number","rack_id","rack_pn","create_time","create_user_id","create_user_name","modify_time","modify_user_id","modify_user_name","id") values(NULL,'基因库消化产物',NULL,7,'InterSample',28,'中间样本',13,'国家基因库/GeneBank',NULL,'GBRS05',NULL,9,'BRMW01',NULL,NULL,'2020-03-02 12:13:01.785745',NULL,'admin','2020-03-02 13:38:29.089571',NULL,'admin',91);
insert into "material"("status","name","short_name","category_id","category_code","type_id","type_name","brand_id","brand_name","desc","part_number","detail","container_material_id","container_part_number","rack_id","rack_pn","create_time","create_user_id","create_user_name","modify_time","modify_user_id","modify_user_name","id") values(NULL,'基因库片选定量板',NULL,7,'InterSample',28,'中间样本',13,'国家基因库/GeneBank',NULL,'GBRS06',NULL,37,'EDUV01',NULL,NULL,'2020-03-02 12:13:37.987152',NULL,'admin','2020-03-02 13:38:53.727271',NULL,'admin',92);
insert into "material"("status","name","short_name","category_id","category_code","type_id","type_name","brand_id","brand_name","desc","part_number","detail","container_material_id","container_part_number","rack_id","rack_pn","create_time","create_user_id","create_user_name","modify_time","modify_user_id","modify_user_name","id") values(NULL,'基因库PCR定量板',NULL,7,'InterSample',28,'中间样本',13,'国家基因库/GeneBank',NULL,'GBRS07',NULL,37,'EDUV01',NULL,NULL,'2020-03-02 12:14:05.778362',NULL,'admin','2020-03-02 13:39:09.363786',NULL,'admin',93);
insert into "material"("status","name","short_name","category_id","category_code","type_id","type_name","brand_id","brand_name","desc","part_number","detail","container_material_id","container_part_number","rack_id","rack_pn","create_time","create_user_id","create_user_name","modify_time","modify_user_id","modify_user_name","id") values(NULL,'基因库打断产物',NULL,7,'InterSample',28,'中间样本',13,'国家基因库/GeneBank',NULL,'GBRS01',NULL,9,'BRMW01',NULL,NULL,'2020-03-02 12:09:29.543731',NULL,'admin','2020-03-02 13:36:29.010155',NULL,'admin',87);
insert into "material"("status","name","short_name","category_id","category_code","type_id","type_name","brand_id","brand_name","desc","part_number","detail","container_material_id","container_part_number","rack_id","rack_pn","create_time","create_user_id","create_user_name","modify_time","modify_user_id","modify_user_name","id") values(NULL,'基因库文库定量板',NULL,7,'InterSample',28,'中间样本',13,'国家基因库/GeneBank',NULL,'GBRS08',NULL,37,'EDUV01',NULL,NULL,'2020-03-02 12:14:48.710978',NULL,'admin','2020-03-02 13:39:29.990115',NULL,'admin',94);
insert into "material"("status","name","short_name","category_id","category_code","type_id","type_name","brand_id","brand_name","desc","part_number","detail","container_material_id","container_part_number","rack_id","rack_pn","create_time","create_user_id","create_user_name","modify_time","modify_user_id","modify_user_name","id") values(NULL,'4层堆栈料架（1mL WGS）',NULL,1,'Rack',2,'料架',1,'华大智造/MGI','WGS产线Hamilton吸头（1mL）','MGRK07',NULL,NULL,NULL,NULL,NULL,'2019-12-04 09:40:08.169005',NULL,'admin','2020-03-17 10:55:18.445425',NULL,'admin',81);
insert into "material"("status","name","short_name","category_id","category_code","type_id","type_name","brand_id","brand_name","desc","part_number","detail","container_material_id","container_part_number","rack_id","rack_pn","create_time","create_user_id","create_user_name","modify_time","modify_user_id","modify_user_name","id") values(NULL,'透明1000uL无滤芯吸头',NULL,4,'Tips',6,'普通无滤芯吸头',11,'康荣',NULL,'CRTP03',NULL,NULL,NULL,2,'MGRK01','2019-07-29 11:18:48.537039',NULL,'admin','2020-03-31 10:59:20.185473',NULL,'admin',46);
insert into "material"("status","name","short_name","category_id","category_code","type_id","type_name","brand_id","brand_name","desc","part_number","detail","container_material_id","container_part_number","rack_id","rack_pn","create_time","create_user_id","create_user_name","modify_time","modify_user_id","modify_user_name","id") values(NULL,'蒂恩1.3mL圆底深孔板',NULL,3,'Consumable',3,'深孔板',3,'东莞蒂恩','','DNDW01',NULL,NULL,NULL,4,'MGRK03','2019-08-22 16:24:38.191272',NULL,'admin','2020-04-29 14:02:14.508955',NULL,'admin',56);
insert into "material"("status","name","short_name","category_id","category_code","type_id","type_name","brand_id","brand_name","desc","part_number","detail","container_material_id","container_part_number","rack_id","rack_pn","create_time","create_user_id","create_user_name","modify_time","modify_user_id","modify_user_name","id") values(NULL,'酶标板配平板(63g)',NULL,10,'BalancedPlate',27,'配平板',1,'华大智造/MGI',NULL,'MGBP01',NULL,NULL,NULL,NULL,NULL,'2019-12-11 17:33:09.338097',NULL,'admin','2020-05-13 10:14:13.860700',NULL,'admin',82);
insert into "material"("status","name","short_name","category_id","category_code","type_id","type_name","brand_id","brand_name","desc","part_number","detail","container_material_id","container_part_number","rack_id","rack_pn","create_time","create_user_id","create_user_name","modify_time","modify_user_id","modify_user_name","id") values(NULL,'全裙边PCR板配平板(40g)',NULL,10,'BalancedPlate',27,'配平板',1,'华大智造/MGI',NULL,'MGBP02',NULL,NULL,NULL,NULL,NULL,'2019-12-11 17:34:08.073320',NULL,'admin','2020-05-13 10:14:21.834492',NULL,'admin',83);
insert into "material"("status","name","short_name","category_id","category_code","type_id","type_name","brand_id","brand_name","desc","part_number","detail","container_material_id","container_part_number","rack_id","rack_pn","create_time","create_user_id","create_user_name","modify_time","modify_user_id","modify_user_name","id") values(NULL,'深孔板配平板(80g)',NULL,10,'BalancedPlate',27,'配平板',1,'华大智造/MGI',NULL,'MGBP03',NULL,NULL,NULL,NULL,NULL,'2019-12-11 17:35:14.216998',NULL,'admin','2020-05-13 10:14:27.755843',NULL,'admin',84);
insert into "material"("status","name","short_name","category_id","category_code","type_id","type_name","brand_id","brand_name","desc","part_number","detail","container_material_id","container_part_number","rack_id","rack_pn","create_time","create_user_id","create_user_name","modify_time","modify_user_id","modify_user_name","id") values(NULL,'磁珠(工位3)',NULL,5,'Reagent',10,'磁珠',18,'WGS-PCRFree',NULL,'WFBD03',NULL,56,'DNDW01',NULL,NULL,'2020-09-04 15:18:22.219089',NULL,'admin','2020-09-04 15:18:22.219091',NULL,'admin',99);
insert into "material"("status","name","short_name","category_id","category_code","type_id","type_name","brand_id","brand_name","desc","part_number","detail","container_material_id","container_part_number","rack_id","rack_pn","create_time","create_user_id","create_user_name","modify_time","modify_user_id","modify_user_name","id") values(NULL,'Greiner Bio-One酶标板',NULL,3,'Consumable',5,'酶标板',17,'Greiner Bio-One',NULL,'GNUV01',NULL,NULL,NULL,5,'MGRK04','2020-09-04 15:05:34.995989',NULL,'admin','2020-09-04 15:05:34.995992',NULL,'admin',96);
insert into "material"("status","name","short_name","category_id","category_code","type_id","type_name","brand_id","brand_name","desc","part_number","detail","container_material_id","container_part_number","rack_id","rack_pn","create_time","create_user_id","create_user_name","modify_time","modify_user_id","modify_user_name","id") values(NULL,'Eppendorf酶标板',NULL,3,'Consumable',5,'酶标板',7,'Eppendorf','暂时不在SP系列使用','EDUV01',NULL,NULL,NULL,5,'MGRK04','2019-07-24 14:24:15.080072',NULL,'admin','2020-09-04 15:06:11.221148',NULL,'admin',37);
insert into "material"("status","name","short_name","category_id","category_code","type_id","type_name","brand_id","brand_name","desc","part_number","detail","container_material_id","container_part_number","rack_id","rack_pn","create_time","create_user_id","create_user_name","modify_time","modify_user_id","modify_user_name","id") values(NULL,'磁珠(工位1)',NULL,5,'Reagent',10,'磁珠',18,'WGS-PCRFree',NULL,'WFBD01',NULL,56,'DNDW01',NULL,NULL,'2020-09-04 15:17:05.303330',NULL,'admin','2020-09-04 15:17:05.303332',NULL,'admin',97);
insert into "material"("status","name","short_name","category_id","category_code","type_id","type_name","brand_id","brand_name","desc","part_number","detail","container_material_id","container_part_number","rack_id","rack_pn","create_time","create_user_id","create_user_name","modify_time","modify_user_id","modify_user_name","id") values(NULL,'磁珠(工位2)',NULL,5,'Reagent',10,'磁珠',18,'WGS-PCRFree',NULL,'WFBD02',NULL,56,'DNDW01',NULL,NULL,'2020-09-04 15:17:49.910444',NULL,'admin','2020-09-04 15:17:49.910446',NULL,'admin',98);
insert into "material"("status","name","short_name","category_id","category_code","type_id","type_name","brand_id","brand_name","desc","part_number","detail","container_material_id","container_part_number","rack_id","rack_pn","create_time","create_user_id","create_user_name","modify_time","modify_user_id","modify_user_name","id") values(NULL,'建库试剂(工位1)',NULL,5,'Reagent',29,'建库试剂',18,'WGS-PCRFree',NULL,'WFLR01',NULL,56,'DNDW01',NULL,NULL,'2020-09-04 15:19:08.117099',NULL,'admin','2020-09-04 15:19:08.117101',NULL,'admin',100);
insert into "material"("status","name","short_name","category_id","category_code","type_id","type_name","brand_id","brand_name","desc","part_number","detail","container_material_id","container_part_number","rack_id","rack_pn","create_time","create_user_id","create_user_name","modify_time","modify_user_id","modify_user_name","id") values(NULL,'建库试剂(工位3)',NULL,5,'Reagent',29,'建库试剂',18,'WGS-PCRFree',NULL,'WFLR03',NULL,56,'DNDW01',NULL,NULL,'2020-09-04 15:20:01.676436',NULL,'admin','2020-09-04 15:20:01.676438',NULL,'admin',102);
insert into "material"("status","name","short_name","category_id","category_code","type_id","type_name","brand_id","brand_name","desc","part_number","detail","container_material_id","container_part_number","rack_id","rack_pn","create_time","create_user_id","create_user_name","modify_time","modify_user_id","modify_user_name","id") values(NULL,'TE(工位1）',NULL,5,'Reagent',19,'洗脱液',18,'WGS-PCRFree',NULL,'WFTE01',NULL,56,'DNDW01',NULL,NULL,'2020-09-04 15:21:32.206259',NULL,'admin','2020-09-04 15:21:32.206262',NULL,'admin',103);
insert into "material"("status","name","short_name","category_id","category_code","type_id","type_name","brand_id","brand_name","desc","part_number","detail","container_material_id","container_part_number","rack_id","rack_pn","create_time","create_user_id","create_user_name","modify_time","modify_user_id","modify_user_name","id") values(NULL,'TE(工位2）',NULL,5,'Reagent',19,'洗脱液',18,'WGS-PCRFree',NULL,'WFTE02',NULL,56,'DNDW01',NULL,NULL,'2020-09-04 15:22:29.596249',NULL,'admin','2020-09-04 15:22:29.596251',NULL,'admin',104);
insert into "material"("status","name","short_name","category_id","category_code","type_id","type_name","brand_id","brand_name","desc","part_number","detail","container_material_id","container_part_number","rack_id","rack_pn","create_time","create_user_id","create_user_name","modify_time","modify_user_id","modify_user_name","id") values(NULL,'TE(工位3）',NULL,5,'Reagent',19,'洗脱液',18,'WGS-PCRFree',NULL,'WFTE03',NULL,56,'DNDW01',NULL,NULL,'2020-09-04 15:22:51.237395',NULL,'admin','2020-09-04 15:22:51.237396',NULL,'admin',105);
insert into "material"("status","name","short_name","category_id","category_code","type_id","type_name","brand_id","brand_name","desc","part_number","detail","container_material_id","container_part_number","rack_id","rack_pn","create_time","create_user_id","create_user_name","modify_time","modify_user_id","modify_user_name","id") values(NULL,'80%乙醇',NULL,5,'Reagent',9,'乙醇',18,'WGS-PCRFree',NULL,'WFET01',NULL,56,'DNDW01',NULL,NULL,'2020-09-04 15:23:23.132892',NULL,'admin','2020-09-04 15:23:23.132893',NULL,'admin',106);
insert into "material"("status","name","short_name","category_id","category_code","type_id","type_name","brand_id","brand_name","desc","part_number","detail","container_material_id","container_part_number","rack_id","rack_pn","create_time","create_user_id","create_user_name","modify_time","modify_user_id","modify_user_name","id") values(NULL,'SDS',NULL,5,'Reagent',30,'SDS',18,'WGS-PCRFree',NULL,'WFDS01',NULL,9,'BRMW01',NULL,NULL,'2020-09-04 15:26:42.284090',NULL,'admin','2020-09-04 15:26:42.284091',NULL,'admin',109);
insert into "material"("status","name","short_name","category_id","category_code","type_id","type_name","brand_id","brand_name","desc","part_number","detail","container_material_id","container_part_number","rack_id","rack_pn","create_time","create_user_id","create_user_name","modify_time","modify_user_id","modify_user_name","id") values(NULL,'建库试剂(工位2)',NULL,5,'Reagent',29,'建库试剂',18,'WGS-PCRFree',NULL,'WFLR02',NULL,56,'DNDW01',NULL,NULL,'2020-09-04 15:19:28.756028',NULL,'admin','2020-09-04 15:19:28.756030',NULL,'admin',101);
insert into "material"("status","name","short_name","category_id","category_code","type_id","type_name","brand_id","brand_name","desc","part_number","detail","container_material_id","container_part_number","rack_id","rack_pn","create_time","create_user_id","create_user_name","modify_time","modify_user_id","modify_user_name","id") values(NULL,'单接头',NULL,5,'Reagent',15,'接头',18,'WGS-PCRFree',NULL,'WFBC01',NULL,9,'BRMW01',NULL,NULL,'2020-09-04 15:23:55.899678',NULL,'admin','2020-09-04 15:24:44.826226',NULL,'admin',107);
insert into "material"("status","name","short_name","category_id","category_code","type_id","type_name","brand_id","brand_name","desc","part_number","detail","container_material_id","container_part_number","rack_id","rack_pn","create_time","create_user_id","create_user_name","modify_time","modify_user_id","modify_user_name","id") values(NULL,'双接头',NULL,5,'Reagent',15,'接头',18,'WGS-PCRFree',NULL,'WFBC02',NULL,9,'BRMW01',NULL,NULL,'2020-09-04 15:25:57.989920',NULL,'admin','2020-09-04 15:25:57.989922',NULL,'admin',108);
insert into "material"("status","name","short_name","category_id","category_code","type_id","type_name","brand_id","brand_name","desc","part_number","detail","container_material_id","container_part_number","rack_id","rack_pn","create_time","create_user_id","create_user_name","modify_time","modify_user_id","modify_user_name","id") values(NULL,'make DNB buffer',NULL,5,'Reagent',7,'缓冲液',18,'WGS-PCRFree',NULL,'WFBF01',NULL,9,'BRMW01',NULL,NULL,'2020-09-28 14:55:46.549189',NULL,'admin','2020-09-28 14:55:46.549282',NULL,'admin',110);
insert into "material"("status","name","short_name","category_id","category_code","type_id","type_name","brand_id","brand_name","desc","part_number","detail","container_material_id","container_part_number","rack_id","rack_pn","create_time","create_user_id","create_user_name","modify_time","modify_user_id","modify_user_name","id") values(NULL,'make DNB 酶',NULL,5,'Reagent',11,'酶',18,'WGS-PCRFree',NULL,'WFEZ01',NULL,9,'BRMW01',NULL,NULL,'2020-09-28 14:56:46.198556',NULL,'admin','2020-09-28 14:56:46.198560',NULL,'admin',111);
insert into "material"("status","name","short_name","category_id","category_code","type_id","type_name","brand_id","brand_name","desc","part_number","detail","container_material_id","container_part_number","rack_id","rack_pn","create_time","create_user_id","create_user_name","modify_time","modify_user_id","modify_user_name","id") values(NULL,'make DNB stop buffer',NULL,5,'Reagent',7,'缓冲液',18,'WGS-PCRFree',NULL,'WFBF02',NULL,9,'BRMW01',NULL,NULL,'2020-09-28 14:57:48.766869',NULL,'admin','2020-09-28 14:57:48.766872',NULL,'admin',112);
insert into "material"("status","name","short_name","category_id","category_code","type_id","type_name","brand_id","brand_name","desc","part_number","detail","container_material_id","container_part_number","rack_id","rack_pn","create_time","create_user_id","create_user_name","modify_time","modify_user_id","modify_user_name","id") values(NULL,'WGS-PCRFree酶切建库样本',NULL,6,'Sample',20,'样本',1,'华大智造/MGI',NULL,'WFND01',NULL,9,'BRMW01',NULL,NULL,'2020-09-04 15:03:01.707071',NULL,'admin','2020-09-28 15:11:12.185966',NULL,'admin',95);
insert into "material"("status","name","short_name","category_id","category_code","type_id","type_name","brand_id","brand_name","desc","part_number","detail","container_material_id","container_part_number","rack_id","rack_pn","create_time","create_user_id","create_user_name","modify_time","modify_user_id","modify_user_name","id") values(NULL,'WGS PCR-FREE酶切ssCir样本',NULL,7,'InterSample',31,'sscir样本',18,'WGS-PCRFree',NULL,'WFSS01',NULL,9,'BRMW01',NULL,NULL,'2020-09-28 15:12:43.921350',NULL,'admin','2020-09-28 15:12:43.921355',NULL,'admin',113);
insert into "material"("status","name","short_name","category_id","category_code","type_id","type_name","brand_id","brand_name","desc","part_number","detail","container_material_id","container_part_number","rack_id","rack_pn","create_time","create_user_id","create_user_name","modify_time","modify_user_id","modify_user_name","id") values(NULL,'WGS PCR-FREE酶切均一化的ssCir样本',NULL,7,'InterSample',32,'Normalized SScir样本',18,'WGS-PCRFree',NULL,'WFNS01',NULL,9,'BRMW01',NULL,NULL,'2020-09-28 15:22:27.076907',NULL,'admin','2020-09-28 15:23:05.288774',NULL,'admin',115);
insert into "material"("status","name","short_name","category_id","category_code","type_id","type_name","brand_id","brand_name","desc","part_number","detail","container_material_id","container_part_number","rack_id","rack_pn","create_time","create_user_id","create_user_name","modify_time","modify_user_id","modify_user_name","id") values(NULL,'WGS PCR-FREE酶切DNB样本',NULL,7,'InterSample',33,'未pool的DNB样本',18,'WGS-PCRFree',NULL,'WFDB01',NULL,9,'BRMW01',NULL,NULL,'2020-09-28 15:23:49.280155',NULL,'admin','2020-09-28 15:23:49.280157',NULL,'admin',116);
-------------------records of material end---------------------

-------------------records of material_brand begin---------------------
insert into "material_brand"("code","name","en_name","desc","create_time","create_user_id","create_user_name","modify_time","modify_user_id","modify_user_name","id") values('TM','Thermo',NULL,'','2019-07-03 11:02:19.378913',NULL,'admin','2019-07-03 11:02:19.378994',NULL,'admin',2);
insert into "material_brand"("code","name","en_name","desc","create_time","create_user_id","create_user_name","modify_time","modify_user_id","modify_user_name","id") values('DN','东莞蒂恩',NULL,'','2019-07-03 11:02:49.768332',NULL,'admin','2019-07-03 11:02:49.768338',NULL,'admin',3);
insert into "material_brand"("code","name","en_name","desc","create_time","create_user_id","create_user_name","modify_time","modify_user_id","modify_user_name","id") values('BR','Bio-Rad',NULL,'','2019-07-03 11:02:59.983162',NULL,'admin','2019-07-03 11:02:59.983163',NULL,'admin',4);
insert into "material_brand"("code","name","en_name","desc","create_time","create_user_id","create_user_name","modify_time","modify_user_id","modify_user_name","id") values('MS','美森特',NULL,'','2019-07-03 11:03:08.766997',NULL,'admin','2019-07-03 11:03:08.766997',NULL,'admin',5);
insert into "material_brand"("code","name","en_name","desc","create_time","create_user_id","create_user_name","modify_time","modify_user_id","modify_user_name","id") values('AG','Axygen',NULL,'','2019-07-03 11:03:38.592340',NULL,'admin','2019-07-03 11:03:38.592341',NULL,'admin',6);
insert into "material_brand"("code","name","en_name","desc","create_time","create_user_id","create_user_name","modify_time","modify_user_id","modify_user_name","id") values('ED','Eppendorf',NULL,'','2019-07-03 11:03:48.952302',NULL,'admin','2019-07-03 11:03:48.952302',NULL,'admin',7);
insert into "material_brand"("code","name","en_name","desc","create_time","create_user_id","create_user_name","modify_time","modify_user_id","modify_user_name","id") values('GE','金源',NULL,'','2019-07-03 11:03:57.423320',NULL,'admin','2019-07-03 11:03:57.423320',NULL,'admin',8);
insert into "material_brand"("code","name","en_name","desc","create_time","create_user_id","create_user_name","modify_time","modify_user_id","modify_user_name","id") values('HM','Hamilton',NULL,'','2019-07-03 11:04:06.336360',NULL,'admin','2019-07-03 11:04:06.336361',NULL,'admin',9);
insert into "material_brand"("code","name","en_name","desc","create_time","create_user_id","create_user_name","modify_time","modify_user_id","modify_user_name","id") values('AL','Agilent',NULL,'','2019-07-03 11:04:14.301037',NULL,'admin','2019-07-03 11:04:14.301038',NULL,'admin',10);
insert into "material_brand"("code","name","en_name","desc","create_time","create_user_id","create_user_name","modify_time","modify_user_id","modify_user_name","id") values('CR','康荣',NULL,'','2019-07-03 11:04:23.408595',NULL,'admin','2019-07-03 11:04:23.408596',NULL,'admin',11);
insert into "material_brand"("code","name","en_name","desc","create_time","create_user_id","create_user_name","modify_time","modify_user_id","modify_user_name","id") values('NB','NEB',NULL,'','2019-07-03 11:04:31.547857',NULL,'admin','2019-07-03 11:04:31.547857',NULL,'admin',12);
insert into "material_brand"("code","name","en_name","desc","create_time","create_user_id","create_user_name","modify_time","modify_user_id","modify_user_name","id") values('GB','国家基因库/GeneBank',NULL,'','2019-07-03 11:04:40.155779',NULL,'admin','2019-07-03 11:04:40.155779',NULL,'admin',13);
insert into "material_brand"("code","name","en_name","desc","create_time","create_user_id","create_user_name","modify_time","modify_user_id","modify_user_name","id") values('VZ','Vazyme',NULL,'','2019-07-03 11:04:48.800300',NULL,'admin','2019-07-03 11:04:48.800301',NULL,'admin',14);
insert into "material_brand"("code","name","en_name","desc","create_time","create_user_id","create_user_name","modify_time","modify_user_id","modify_user_name","id") values('PG','PEG',NULL,'','2019-07-03 11:04:56.872247',NULL,'admin','2019-07-03 11:04:56.872248',NULL,'admin',15);
insert into "material_brand"("code","name","en_name","desc","create_time","create_user_id","create_user_name","modify_time","modify_user_id","modify_user_name","id") values('BG','华大生物科技/股份公司/BGI',NULL,'','2019-07-03 11:05:06.912422',NULL,'admin','2019-07-03 11:05:06.912422',NULL,'admin',16);
insert into "material_brand"("code","name","en_name","desc","create_time","create_user_id","create_user_name","modify_time","modify_user_id","modify_user_name","id") values('MG','华大智造/MGI',NULL,'','2019-06-27 13:28:03.865716',NULL,'admin','2019-07-06 14:55:00.886150',NULL,'admin',1);
insert into "material_brand"("code","name","en_name","desc","create_time","create_user_id","create_user_name","modify_time","modify_user_id","modify_user_name","id") values('GN','Greiner Bio-One',NULL,'','2020-09-04 15:04:06.045990',NULL,'admin','2020-09-04 15:04:06.045993',NULL,'admin',17);
insert into "material_brand"("code","name","en_name","desc","create_time","create_user_id","create_user_name","modify_time","modify_user_id","modify_user_name","id") values('WF','WGS-PCRFree',NULL,'应用','2020-09-04 15:08:05.277618',NULL,'admin','2020-09-04 15:08:05.277621',NULL,'admin',18);
-------------------records of material_brand end---------------------

-------------------records of material_category begin---------------------
insert into "material_category"("code","name","en_name","require_container","manual_partnumber","require_rack","desc","create_time","create_user_id","create_user_name","modify_time","modify_user_id","modify_user_name","id") values('PCRLid','PCR密封垫',NULL,NULL,NULL,NULL,NULL,'2019-07-24 13:32:33.941389',NULL,'admin','2019-07-24 13:57:56.485313',NULL,'admin',8);
insert into "material_category"("code","name","en_name","require_container","manual_partnumber","require_rack","desc","create_time","create_user_id","create_user_name","modify_time","modify_user_id","modify_user_name","id") values('Tips','吸头',NULL,NULL,NULL,True,NULL,'2019-07-05 17:22:20.293119',NULL,'admin','2019-07-06 21:03:12.524797',NULL,'admin',4);
insert into "material_category"("code","name","en_name","require_container","manual_partnumber","require_rack","desc","create_time","create_user_id","create_user_name","modify_time","modify_user_id","modify_user_name","id") values('InterSample','中间样本',NULL,True,NULL,NULL,NULL,'2019-07-05 17:49:06.748546',NULL,'admin','2019-09-07 10:48:30.742748',NULL,'admin',7);
insert into "material_category"("code","name","en_name","require_container","manual_partnumber","require_rack","desc","create_time","create_user_id","create_user_name","modify_time","modify_user_id","modify_user_name","id") values('Rack','料架',NULL,NULL,NULL,NULL,NULL,NULL,NULL,NULL,'2019-09-11 17:42:54.258104',NULL,'admin',1);
insert into "material_category"("code","name","en_name","require_container","manual_partnumber","require_rack","desc","create_time","create_user_id","create_user_name","modify_time","modify_user_id","modify_user_name","id") values('PCRLidHolder','PCR密封垫支架',NULL,NULL,NULL,NULL,NULL,'2019-07-24 13:32:50.701113',NULL,'admin','2019-09-11 17:17:02.497292',NULL,'admin',9);
insert into "material_category"("code","name","en_name","require_container","manual_partnumber","require_rack","desc","create_time","create_user_id","create_user_name","modify_time","modify_user_id","modify_user_name","id") values('Consumable','耗材',NULL,False,NULL,True,NULL,'2019-07-05 16:27:18.614496',NULL,'admin','2019-11-29 17:26:40.255020',NULL,'admin',3);
insert into "material_category"("code","name","en_name","require_container","manual_partnumber","require_rack","desc","create_time","create_user_id","create_user_name","modify_time","modify_user_id","modify_user_name","id") values('Reagent','试剂',NULL,True,NULL,NULL,NULL,'2019-07-05 17:25:33.493814',NULL,'admin','2019-11-29 17:34:00.803262',NULL,'admin',5);
insert into "material_category"("code","name","en_name","require_container","manual_partnumber","require_rack","desc","create_time","create_user_id","create_user_name","modify_time","modify_user_id","modify_user_name","id") values('Sample','样本',NULL,True,True,NULL,NULL,'2019-07-05 17:48:35.065970',NULL,'admin','2020-01-03 17:13:10.607881',NULL,'admin',6);
insert into "material_category"("code","name","en_name","require_container","manual_partnumber","require_rack","desc","create_time","create_user_id","create_user_name","modify_time","modify_user_id","modify_user_name","id") values('BalancedPlate','配平板',NULL,NULL,NULL,NULL,NULL,'2019-12-11 17:26:16.464821',NULL,'admin','2020-05-13 10:13:42.891328',NULL,'admin',10);
-------------------records of material_category end---------------------

-------------------records of material_category_config begin---------------------
insert into "material_category_config"("material_category_id","config_key","config_key_desc","config_value_type","config_default_value","required","remark","sort","id") values(1,'RackWidth','料架宽(mm)','20',NULL,True,NULL,20,2);
insert into "material_category_config"("material_category_id","config_key","config_key_desc","config_value_type","config_default_value","required","remark","sort","id") values(1,'RackHeight','料架高(mm)','20',NULL,True,NULL,30,3);
insert into "material_category_config"("material_category_id","config_key","config_key_desc","config_value_type","config_default_value","required","remark","sort","id") values(1,'RackBarcodeHeight','料架贴码高度(mm)','20',NULL,True,NULL,40,4);
insert into "material_category_config"("material_category_id","config_key","config_key_desc","config_value_type","config_default_value","required","remark","sort","id") values(1,'LevelCounts','层数','20',NULL,True,NULL,50,5);
insert into "material_category_config"("material_category_id","config_key","config_key_desc","config_value_type","config_default_value","required","remark","sort","id") values(1,'LevelLength','层长(mm)','20',NULL,True,NULL,60,6);
insert into "material_category_config"("material_category_id","config_key","config_key_desc","config_value_type","config_default_value","required","remark","sort","id") values(1,'LevelWidth','层宽(mm)','20',NULL,True,NULL,70,7);
insert into "material_category_config"("material_category_id","config_key","config_key_desc","config_value_type","config_default_value","required","remark","sort","id") values(1,'LevelHeight','层高(mm)','20',NULL,True,NULL,80,8);
insert into "material_category_config"("material_category_id","config_key","config_key_desc","config_value_type","config_default_value","required","remark","sort","id") values(1,'LevelBarcodeHeight','层贴码高度(mm)','20',NULL,True,NULL,90,9);
insert into "material_category_config"("material_category_id","config_key","config_key_desc","config_value_type","config_default_value","required","remark","sort","id") values(4,'Length','长(mm)','20',NULL,True,NULL,10,29);
insert into "material_category_config"("material_category_id","config_key","config_key_desc","config_value_type","config_default_value","required","remark","sort","id") values(4,'Width','宽(mm)','20',NULL,True,NULL,20,30);
insert into "material_category_config"("material_category_id","config_key","config_key_desc","config_value_type","config_default_value","required","remark","sort","id") values(4,'Height','高(mm)','20',NULL,True,NULL,30,31);
insert into "material_category_config"("material_category_id","config_key","config_key_desc","config_value_type","config_default_value","required","remark","sort","id") values(4,'RowCounts','行数','20',NULL,True,NULL,40,32);
insert into "material_category_config"("material_category_id","config_key","config_key_desc","config_value_type","config_default_value","required","remark","sort","id") values(4,'ColCounts','列数','20',NULL,True,NULL,50,33);
insert into "material_category_config"("material_category_id","config_key","config_key_desc","config_value_type","config_default_value","required","remark","sort","id") values(4,'RowSpace','行间距(mm)','20',NULL,True,NULL,60,34);
insert into "material_category_config"("material_category_id","config_key","config_key_desc","config_value_type","config_default_value","required","remark","sort","id") values(4,'ColSpace','列间距(mm)','20',NULL,True,NULL,70,35);
insert into "material_category_config"("material_category_id","config_key","config_key_desc","config_value_type","config_default_value","required","remark","sort","id") values(4,'ConsBottomOfZ','底部Z(mm)','20',NULL,True,NULL,80,36);
insert into "material_category_config"("material_category_id","config_key","config_key_desc","config_value_type","config_default_value","required","remark","sort","id") values(4,'GraspOffsetOfZ','抓取偏移Z(mm)','20',NULL,True,NULL,90,37);
insert into "material_category_config"("material_category_id","config_key","config_key_desc","config_value_type","config_default_value","required","remark","sort","id") values(4,'GraspOffsetOfG','抓取偏移G(mm)','20',NULL,True,NULL,100,38);
insert into "material_category_config"("material_category_id","config_key","config_key_desc","config_value_type","config_default_value","required","remark","sort","id") values(4,'GraspOffsetOfEpson','主机械臂夹爪偏移Z(mm)','20',NULL,True,NULL,110,39);
insert into "material_category_config"("material_category_id","config_key","config_key_desc","config_value_type","config_default_value","required","remark","sort","id") values(8,'Length','长(mm)','20',NULL,True,NULL,NULL,45);
insert into "material_category_config"("material_category_id","config_key","config_key_desc","config_value_type","config_default_value","required","remark","sort","id") values(8,'Width','宽(mm)','20',NULL,True,NULL,NULL,46);
insert into "material_category_config"("material_category_id","config_key","config_key_desc","config_value_type","config_default_value","required","remark","sort","id") values(8,'Height','高(mm)','20',NULL,True,NULL,NULL,47);
insert into "material_category_config"("material_category_id","config_key","config_key_desc","config_value_type","config_default_value","required","remark","sort","id") values(8,'GraspOffsetOfZ','抓取偏移Z(mm)','20',NULL,True,NULL,NULL,48);
insert into "material_category_config"("material_category_id","config_key","config_key_desc","config_value_type","config_default_value","required","remark","sort","id") values(8,'GraspOffsetOfG','抓取偏移G(mm)','20',NULL,True,NULL,NULL,49);
insert into "material_category_config"("material_category_id","config_key","config_key_desc","config_value_type","config_default_value","required","remark","sort","id") values(9,'Width','宽(mm)','20',NULL,True,NULL,NULL,51);
insert into "material_category_config"("material_category_id","config_key","config_key_desc","config_value_type","config_default_value","required","remark","sort","id") values(9,'Height','高(mm)','20',NULL,True,NULL,NULL,52);
insert into "material_category_config"("material_category_id","config_key","config_key_desc","config_value_type","config_default_value","required","remark","sort","id") values(9,'GraspOffsetOfZ','抓取偏移Z(mm)','20',NULL,True,NULL,NULL,53);
insert into "material_category_config"("material_category_id","config_key","config_key_desc","config_value_type","config_default_value","required","remark","sort","id") values(9,'GraspOffsetOfG','抓取偏移G(mm)','20',NULL,True,NULL,NULL,54);
insert into "material_category_config"("material_category_id","config_key","config_key_desc","config_value_type","config_default_value","required","remark","sort","id") values(9,'GraspOffsetOfEpson','主机械臂夹爪偏移Z(mm)','20',NULL,True,NULL,NULL,55);
insert into "material_category_config"("material_category_id","config_key","config_key_desc","config_value_type","config_default_value","required","remark","sort","id") values(9,'Length','长(mm)','10',NULL,True,NULL,NULL,50);
insert into "material_category_config"("material_category_id","config_key","config_key_desc","config_value_type","config_default_value","required","remark","sort","id") values(1,'RackLength','料架长(mm)','20',NULL,True,NULL,10,1);
insert into "material_category_config"("material_category_id","config_key","config_key_desc","config_value_type","config_default_value","required","remark","sort","id") values(3,'Length','长(mm)','20',NULL,True,NULL,10,57);
insert into "material_category_config"("material_category_id","config_key","config_key_desc","config_value_type","config_default_value","required","remark","sort","id") values(3,'Width','宽(mm)','20',NULL,True,NULL,20,58);
insert into "material_category_config"("material_category_id","config_key","config_key_desc","config_value_type","config_default_value","required","remark","sort","id") values(3,'Height','高(mm)','20',NULL,True,NULL,30,59);
insert into "material_category_config"("material_category_id","config_key","config_key_desc","config_value_type","config_default_value","required","remark","sort","id") values(3,'RowCounts','行数','20',NULL,True,NULL,40,60);
insert into "material_category_config"("material_category_id","config_key","config_key_desc","config_value_type","config_default_value","required","remark","sort","id") values(3,'ColCounts','列数','20',NULL,True,NULL,50,61);
insert into "material_category_config"("material_category_id","config_key","config_key_desc","config_value_type","config_default_value","required","remark","sort","id") values(3,'RowSpace','行间距(mm)','20',NULL,True,NULL,60,62);
insert into "material_category_config"("material_category_id","config_key","config_key_desc","config_value_type","config_default_value","required","remark","sort","id") values(3,'ColSpace','列间距(mm)','20',NULL,True,NULL,70,63);
insert into "material_category_config"("material_category_id","config_key","config_key_desc","config_value_type","config_default_value","required","remark","sort","id") values(3,'ConsBottomOfZ','底部Z(mm)','20',NULL,True,NULL,80,64);
insert into "material_category_config"("material_category_id","config_key","config_key_desc","config_value_type","config_default_value","required","remark","sort","id") values(3,'GraspOffsetOfZ','抓取偏移Z(mm)','20',NULL,True,NULL,90,65);
insert into "material_category_config"("material_category_id","config_key","config_key_desc","config_value_type","config_default_value","required","remark","sort","id") values(3,'GraspOffsetOfG','抓取偏移G(mm)','20',NULL,True,NULL,100,66);
insert into "material_category_config"("material_category_id","config_key","config_key_desc","config_value_type","config_default_value","required","remark","sort","id") values(3,'GraspOffsetOfEpson','主机械臂夹爪偏移Z(mm)','20',NULL,True,NULL,110,67);
insert into "material_category_config"("material_category_id","config_key","config_key_desc","config_value_type","config_default_value","required","remark","sort","id") values(3,'FilmType','膜类型','10',NULL,True,NULL,120,68);
insert into "material_category_config"("material_category_id","config_key","config_key_desc","config_value_type","config_default_value","required","remark","sort","id") values(3,'PlateLocTemp','封膜温度(℃)','20',NULL,True,'范围：20-235',130,69);
insert into "material_category_config"("material_category_id","config_key","config_key_desc","config_value_type","config_default_value","required","remark","sort","id") values(3,'PlateLocDuration','封膜时长(s)','20',NULL,True,'范围：0.5-12，最多精确到小数点后一位',140,70);
insert into "material_category_config"("material_category_id","config_key","config_key_desc","config_value_type","config_default_value","required","remark","sort","id") values(3,'AdhereTime','粘附时长','20',NULL,True,'参数为1-4  1 = 2.5s  2 = 5s  3 = 7.5s  4 = 10s',150,71);
insert into "material_category_config"("material_category_id","config_key","config_key_desc","config_value_type","config_default_value","required","remark","sort","id") values(3,'LocationSpeed','位置速度','20',NULL,True,'参数为1-9  1 = Begin Peel Location:Default -2mm; Speed:fast  2 = Begin Peel Location:Default -2mm; Speed:slow  3 = Begin Peel Location:Default; Speed:fast  4 = Begin Peel Location:Default; Speed:slow  5 = Begin Peel Location:Default +2mm; Speed:fast  6 = Begin Peel Location:Default +2mm; Speed:slow  7 ',160,72);
insert into "material_category_config"("material_category_id","config_key","config_key_desc","config_value_type","config_default_value","required","remark","sort","id") values(6,'Property','性质','10',NULL,True,NULL,10,91);
insert into "material_category_config"("material_category_id","config_key","config_key_desc","config_value_type","config_default_value","required","remark","sort","id") values(6,'Storage','存储条件','20',NULL,True,NULL,20,92);
insert into "material_category_config"("material_category_id","config_key","config_key_desc","config_value_type","config_default_value","required","remark","sort","id") values(6,'CentriVel','离心速率(%)','20',NULL,True,NULL,30,93);
insert into "material_category_config"("material_category_id","config_key","config_key_desc","config_value_type","config_default_value","required","remark","sort","id") values(6,'CentriAccel','离心加速度(%)','20',NULL,True,NULL,40,94);
insert into "material_category_config"("material_category_id","config_key","config_key_desc","config_value_type","config_default_value","required","remark","sort","id") values(6,'CentriDecel','离心减速度(%)','20',NULL,True,NULL,50,95);
insert into "material_category_config"("material_category_id","config_key","config_key_desc","config_value_type","config_default_value","required","remark","sort","id") values(6,'CentriDuration','离心时长(s)','20',NULL,True,NULL,60,96);
insert into "material_category_config"("material_category_id","config_key","config_key_desc","config_value_type","config_default_value","required","remark","sort","id") values(6,'BalancedPlatePN','配平板货号','10',NULL,True,NULL,70,97);
insert into "material_category_config"("material_category_id","config_key","config_key_desc","config_value_type","config_default_value","required","remark","sort","id") values(5,'Storage','存储条件','20',NULL,True,NULL,10,110);
insert into "material_category_config"("material_category_id","config_key","config_key_desc","config_value_type","config_default_value","required","remark","sort","id") values(5,'CentriVel','离心速率(%)','20',NULL,True,NULL,20,111);
insert into "material_category_config"("material_category_id","config_key","config_key_desc","config_value_type","config_default_value","required","remark","sort","id") values(5,'CentriAccel','离心加速度(%)','20',NULL,True,NULL,30,112);
insert into "material_category_config"("material_category_id","config_key","config_key_desc","config_value_type","config_default_value","required","remark","sort","id") values(5,'CentriDecel','离心减速度(%)','20',NULL,True,NULL,40,113);
insert into "material_category_config"("material_category_id","config_key","config_key_desc","config_value_type","config_default_value","required","remark","sort","id") values(5,'CentriDuration','离心时长(s)','20',NULL,True,NULL,50,114);
insert into "material_category_config"("material_category_id","config_key","config_key_desc","config_value_type","config_default_value","required","remark","sort","id") values(5,'BalancedPlatePN','配平板货号','10',NULL,True,NULL,60,115);
insert into "material_category_config"("material_category_id","config_key","config_key_desc","config_value_type","config_default_value","required","remark","sort","id") values(7,'Property','性质','10',NULL,True,NULL,10,116);
insert into "material_category_config"("material_category_id","config_key","config_key_desc","config_value_type","config_default_value","required","remark","sort","id") values(7,'Storage','存储条件','20',NULL,True,NULL,20,117);
insert into "material_category_config"("material_category_id","config_key","config_key_desc","config_value_type","config_default_value","required","remark","sort","id") values(7,'CentriVel','离心速率(%)','20',NULL,True,NULL,30,118);
insert into "material_category_config"("material_category_id","config_key","config_key_desc","config_value_type","config_default_value","required","remark","sort","id") values(7,'CentriAccel','离心加速度(%)','20',NULL,True,NULL,40,119);
insert into "material_category_config"("material_category_id","config_key","config_key_desc","config_value_type","config_default_value","required","remark","sort","id") values(7,'CentriDecel','离心减速度(%)','20',NULL,True,NULL,50,120);
insert into "material_category_config"("material_category_id","config_key","config_key_desc","config_value_type","config_default_value","required","remark","sort","id") values(7,'CentriDuration','离心时长(s)','20',NULL,True,NULL,60,121);
insert into "material_category_config"("material_category_id","config_key","config_key_desc","config_value_type","config_default_value","required","remark","sort","id") values(7,'BalancedPlatePN','配平板货号','10',NULL,True,NULL,70,122);
insert into "material_category_config"("material_category_id","config_key","config_key_desc","config_value_type","config_default_value","required","remark","sort","id") values(10,'Length','长(mm)','20',NULL,True,NULL,10,136);
insert into "material_category_config"("material_category_id","config_key","config_key_desc","config_value_type","config_default_value","required","remark","sort","id") values(10,'Width','宽(mm)','20',NULL,True,NULL,20,137);
insert into "material_category_config"("material_category_id","config_key","config_key_desc","config_value_type","config_default_value","required","remark","sort","id") values(10,'Height','高(mm)','20',NULL,True,NULL,30,138);
insert into "material_category_config"("material_category_id","config_key","config_key_desc","config_value_type","config_default_value","required","remark","sort","id") values(10,'Weight','重量(g)','20',NULL,True,NULL,40,139);
insert into "material_category_config"("material_category_id","config_key","config_key_desc","config_value_type","config_default_value","required","remark","sort","id") values(10,'GraspOffsetOfEpson','主机械臂夹爪偏移Z(mm)','20',NULL,True,NULL,50,140);
insert into "material_category_config"("material_category_id","config_key","config_key_desc","config_value_type","config_default_value","required","remark","sort","id") values(10,'Row','行号','20',NULL,True,NULL,60,141);
insert into "material_category_config"("material_category_id","config_key","config_key_desc","config_value_type","config_default_value","required","remark","sort","id") values(10,'Column','列号','20',NULL,True,NULL,70,142);
-------------------records of material_category_config end---------------------

-------------------records of material_config begin---------------------
insert into "material_config"("material_id","config_key","config_value","sort","id") values(12,'Storage',NULL,10,125);
insert into "material_config"("material_id","config_key","config_value","sort","id") values(79,'RackLength','0',10,2176);
insert into "material_config"("material_id","config_key","config_value","sort","id") values(14,'Storage',NULL,10,127);
insert into "material_config"("material_id","config_key","config_value","sort","id") values(15,'Storage',NULL,10,128);
insert into "material_config"("material_id","config_key","config_value","sort","id") values(16,'Storage',NULL,10,129);
insert into "material_config"("material_id","config_key","config_value","sort","id") values(17,'Storage',NULL,10,130);
insert into "material_config"("material_id","config_key","config_value","sort","id") values(18,'Storage',NULL,10,131);
insert into "material_config"("material_id","config_key","config_value","sort","id") values(19,'Storage',NULL,10,132);
insert into "material_config"("material_id","config_key","config_value","sort","id") values(20,'Storage',NULL,10,133);
insert into "material_config"("material_id","config_key","config_value","sort","id") values(21,'Storage',NULL,10,134);
insert into "material_config"("material_id","config_key","config_value","sort","id") values(22,'Storage',NULL,10,135);
insert into "material_config"("material_id","config_key","config_value","sort","id") values(23,'Storage',NULL,10,136);
insert into "material_config"("material_id","config_key","config_value","sort","id") values(24,'Storage',NULL,10,137);
insert into "material_config"("material_id","config_key","config_value","sort","id") values(28,'Storage',NULL,10,141);
insert into "material_config"("material_id","config_key","config_value","sort","id") values(29,'Storage',NULL,10,142);
insert into "material_config"("material_id","config_key","config_value","sort","id") values(30,'Storage',NULL,10,143);
insert into "material_config"("material_id","config_key","config_value","sort","id") values(31,'Storage',NULL,10,144);
insert into "material_config"("material_id","config_key","config_value","sort","id") values(32,'Storage',NULL,10,145);
insert into "material_config"("material_id","config_key","config_value","sort","id") values(33,'Storage',NULL,10,146);
insert into "material_config"("material_id","config_key","config_value","sort","id") values(34,'Storage',NULL,10,147);
insert into "material_config"("material_id","config_key","config_value","sort","id") values(79,'RackWidth','0',20,2177);
insert into "material_config"("material_id","config_key","config_value","sort","id") values(79,'RackHeight','0',30,2178);
insert into "material_config"("material_id","config_key","config_value","sort","id") values(79,'RackBarcodeHeight','0',40,2179);
insert into "material_config"("material_id","config_key","config_value","sort","id") values(79,'LevelCounts','10',50,2180);
insert into "material_config"("material_id","config_key","config_value","sort","id") values(79,'LevelLength','0',60,2181);
insert into "material_config"("material_id","config_key","config_value","sort","id") values(79,'LevelWidth','0',70,2182);
insert into "material_config"("material_id","config_key","config_value","sort","id") values(79,'LevelHeight','0',80,2183);
insert into "material_config"("material_id","config_key","config_value","sort","id") values(79,'LevelBarcodeHeight','0',90,2184);
insert into "material_config"("material_id","config_key","config_value","sort","id") values(80,'RackLength','0',10,2185);
insert into "material_config"("material_id","config_key","config_value","sort","id") values(80,'RackWidth','0',20,2186);
insert into "material_config"("material_id","config_key","config_value","sort","id") values(80,'RackHeight','0',30,2187);
insert into "material_config"("material_id","config_key","config_value","sort","id") values(80,'RackBarcodeHeight','0',40,2188);
insert into "material_config"("material_id","config_key","config_value","sort","id") values(80,'LevelCounts','21',50,2189);
insert into "material_config"("material_id","config_key","config_value","sort","id") values(80,'LevelLength','0',60,2190);
insert into "material_config"("material_id","config_key","config_value","sort","id") values(80,'LevelWidth','0',70,2191);
insert into "material_config"("material_id","config_key","config_value","sort","id") values(80,'LevelHeight','0',80,2192);
insert into "material_config"("material_id","config_key","config_value","sort","id") values(80,'LevelBarcodeHeight','0',90,2193);
insert into "material_config"("material_id","config_key","config_value","sort","id") values(10,'Length','127',10,2311);
insert into "material_config"("material_id","config_key","config_value","sort","id") values(10,'Width','81.1',20,2312);
insert into "material_config"("material_id","config_key","config_value","sort","id") values(10,'Height','60',30,2313);
insert into "material_config"("material_id","config_key","config_value","sort","id") values(10,'RowCounts','8',40,2314);
insert into "material_config"("material_id","config_key","config_value","sort","id") values(13,'Storage',NULL,10,126);
insert into "material_config"("material_id","config_key","config_value","sort","id") values(4,'RackLength','141',NULL,419);
insert into "material_config"("material_id","config_key","config_value","sort","id") values(4,'RackWidth','99',NULL,420);
insert into "material_config"("material_id","config_key","config_value","sort","id") values(4,'RackHeight','620.1',NULL,421);
insert into "material_config"("material_id","config_key","config_value","sort","id") values(4,'RackBarcodeHeight','578.5',NULL,422);
insert into "material_config"("material_id","config_key","config_value","sort","id") values(4,'LevelCounts','13',NULL,423);
insert into "material_config"("material_id","config_key","config_value","sort","id") values(4,'LevelLength','129',NULL,424);
insert into "material_config"("material_id","config_key","config_value","sort","id") values(4,'LevelWidth','87',NULL,425);
insert into "material_config"("material_id","config_key","config_value","sort","id") values(4,'LevelHeight','45',NULL,426);
insert into "material_config"("material_id","config_key","config_value","sort","id") values(4,'LevelBarcodeHeight','0',NULL,427);
insert into "material_config"("material_id","config_key","config_value","sort","id") values(10,'ColCounts','12',50,2315);
insert into "material_config"("material_id","config_key","config_value","sort","id") values(10,'RowSpace','9',60,2316);
insert into "material_config"("material_id","config_key","config_value","sort","id") values(10,'ColSpace','9',70,2317);
insert into "material_config"("material_id","config_key","config_value","sort","id") values(10,'ConsBottomOfZ','5',80,2318);
insert into "material_config"("material_id","config_key","config_value","sort","id") values(10,'GraspOffsetOfZ','37.5',90,2319);
insert into "material_config"("material_id","config_key","config_value","sort","id") values(10,'GraspOffsetOfG','0.9',100,2320);
insert into "material_config"("material_id","config_key","config_value","sort","id") values(10,'GraspOffsetOfEpson','14.5',110,2321);
insert into "material_config"("material_id","config_key","config_value","sort","id") values(73,'Storage','0',10,2604);
insert into "material_config"("material_id","config_key","config_value","sort","id") values(73,'CentriVel','50',20,2605);
insert into "material_config"("material_id","config_key","config_value","sort","id") values(73,'CentriAccel','80',30,2606);
insert into "material_config"("material_id","config_key","config_value","sort","id") values(73,'CentriDecel','80',40,2607);
insert into "material_config"("material_id","config_key","config_value","sort","id") values(73,'CentriDuration','8',50,2608);
insert into "material_config"("material_id","config_key","config_value","sort","id") values(73,'BalancedPlatePN','MGBP02',60,2609);
insert into "material_config"("material_id","config_key","config_value","sort","id") values(74,'Storage','0',10,2610);
insert into "material_config"("material_id","config_key","config_value","sort","id") values(74,'CentriVel','50',20,2611);
insert into "material_config"("material_id","config_key","config_value","sort","id") values(44,'Width','85.5',NULL,2232);
insert into "material_config"("material_id","config_key","config_value","sort","id") values(44,'Height','20.1',NULL,2233);
insert into "material_config"("material_id","config_key","config_value","sort","id") values(44,'GraspOffsetOfZ','6.7',NULL,2234);
insert into "material_config"("material_id","config_key","config_value","sort","id") values(3,'RackLength','141',NULL,410);
insert into "material_config"("material_id","config_key","config_value","sort","id") values(3,'RackWidth','99',NULL,411);
insert into "material_config"("material_id","config_key","config_value","sort","id") values(3,'RackHeight','620.1',NULL,412);
insert into "material_config"("material_id","config_key","config_value","sort","id") values(3,'RackBarcodeHeight','578.5',NULL,413);
insert into "material_config"("material_id","config_key","config_value","sort","id") values(3,'LevelCounts','7',NULL,414);
insert into "material_config"("material_id","config_key","config_value","sort","id") values(3,'LevelLength','129',NULL,415);
insert into "material_config"("material_id","config_key","config_value","sort","id") values(3,'LevelWidth','87',NULL,416);
insert into "material_config"("material_id","config_key","config_value","sort","id") values(3,'LevelHeight','80',NULL,417);
insert into "material_config"("material_id","config_key","config_value","sort","id") values(3,'LevelBarcodeHeight','0',NULL,418);
insert into "material_config"("material_id","config_key","config_value","sort","id") values(44,'GraspOffsetOfG','0.8',NULL,2235);
insert into "material_config"("material_id","config_key","config_value","sort","id") values(44,'GraspOffsetOfEpson','-1.5',NULL,2236);
insert into "material_config"("material_id","config_key","config_value","sort","id") values(44,'Length','127.7',NULL,2237);
insert into "material_config"("material_id","config_key","config_value","sort","id") values(74,'CentriAccel','80',30,2612);
insert into "material_config"("material_id","config_key","config_value","sort","id") values(43,'Length','126.8',NULL,2243);
insert into "material_config"("material_id","config_key","config_value","sort","id") values(43,'Width','84.4',NULL,2244);
insert into "material_config"("material_id","config_key","config_value","sort","id") values(43,'Height','7',NULL,2245);
insert into "material_config"("material_id","config_key","config_value","sort","id") values(43,'GraspOffsetOfZ','-2.5',NULL,2246);
insert into "material_config"("material_id","config_key","config_value","sort","id") values(43,'GraspOffsetOfG','1',NULL,2247);
insert into "material_config"("material_id","config_key","config_value","sort","id") values(74,'CentriDecel','80',40,2613);
insert into "material_config"("material_id","config_key","config_value","sort","id") values(74,'CentriDuration','8',50,2614);
insert into "material_config"("material_id","config_key","config_value","sort","id") values(74,'BalancedPlatePN','MGBP02',60,2615);
insert into "material_config"("material_id","config_key","config_value","sort","id") values(75,'Storage','0',10,2616);
insert into "material_config"("material_id","config_key","config_value","sort","id") values(75,'CentriVel','50',20,2617);
insert into "material_config"("material_id","config_key","config_value","sort","id") values(75,'CentriAccel','80',30,2618);
insert into "material_config"("material_id","config_key","config_value","sort","id") values(75,'CentriDecel','80',40,2619);
insert into "material_config"("material_id","config_key","config_value","sort","id") values(75,'CentriDuration','8',50,2620);
insert into "material_config"("material_id","config_key","config_value","sort","id") values(75,'BalancedPlatePN','MGBP02',60,2621);
insert into "material_config"("material_id","config_key","config_value","sort","id") values(76,'Storage','0',10,2622);
insert into "material_config"("material_id","config_key","config_value","sort","id") values(5,'RackLength','141',NULL,848);
insert into "material_config"("material_id","config_key","config_value","sort","id") values(5,'RackWidth','99',NULL,849);
insert into "material_config"("material_id","config_key","config_value","sort","id") values(5,'RackHeight','620.1',NULL,850);
insert into "material_config"("material_id","config_key","config_value","sort","id") values(5,'RackBarcodeHeight','578.5',NULL,851);
insert into "material_config"("material_id","config_key","config_value","sort","id") values(5,'LevelCounts','18',NULL,852);
insert into "material_config"("material_id","config_key","config_value","sort","id") values(5,'LevelLength','129',NULL,853);
insert into "material_config"("material_id","config_key","config_value","sort","id") values(5,'LevelWidth','87',NULL,854);
insert into "material_config"("material_id","config_key","config_value","sort","id") values(5,'LevelHeight','32',NULL,855);
insert into "material_config"("material_id","config_key","config_value","sort","id") values(5,'LevelBarcodeHeight','0',NULL,856);
insert into "material_config"("material_id","config_key","config_value","sort","id") values(76,'CentriVel','50',20,2623);
insert into "material_config"("material_id","config_key","config_value","sort","id") values(76,'CentriAccel','80',30,2624);
insert into "material_config"("material_id","config_key","config_value","sort","id") values(76,'CentriDecel','80',40,2625);
insert into "material_config"("material_id","config_key","config_value","sort","id") values(76,'CentriDuration','8',50,2626);
insert into "material_config"("material_id","config_key","config_value","sort","id") values(76,'BalancedPlatePN','MGBP02',60,2627);
insert into "material_config"("material_id","config_key","config_value","sort","id") values(47,'Length','127.8',10,2077);
insert into "material_config"("material_id","config_key","config_value","sort","id") values(47,'Width','85.6',20,2078);
insert into "material_config"("material_id","config_key","config_value","sort","id") values(47,'Height','66.5',30,2079);
insert into "material_config"("material_id","config_key","config_value","sort","id") values(47,'RowCounts','8',40,2080);
insert into "material_config"("material_id","config_key","config_value","sort","id") values(47,'ColCounts','12',50,2081);
insert into "material_config"("material_id","config_key","config_value","sort","id") values(47,'RowSpace','9',60,2082);
insert into "material_config"("material_id","config_key","config_value","sort","id") values(47,'ColSpace','9',70,2083);
insert into "material_config"("material_id","config_key","config_value","sort","id") values(47,'ConsBottomOfZ','0',80,2084);
insert into "material_config"("material_id","config_key","config_value","sort","id") values(47,'GraspOffsetOfZ','0',90,2085);
insert into "material_config"("material_id","config_key","config_value","sort","id") values(47,'GraspOffsetOfG','0',100,2086);
insert into "material_config"("material_id","config_key","config_value","sort","id") values(47,'GraspOffsetOfEpson','26',110,2087);
insert into "material_config"("material_id","config_key","config_value","sort","id") values(48,'Length','127.8',10,2088);
insert into "material_config"("material_id","config_key","config_value","sort","id") values(48,'Width','85.6',20,2089);
insert into "material_config"("material_id","config_key","config_value","sort","id") values(48,'Height','66.5',30,2090);
insert into "material_config"("material_id","config_key","config_value","sort","id") values(48,'RowCounts','8',40,2091);
insert into "material_config"("material_id","config_key","config_value","sort","id") values(48,'ColCounts','12',50,2092);
insert into "material_config"("material_id","config_key","config_value","sort","id") values(48,'RowSpace','9',60,2093);
insert into "material_config"("material_id","config_key","config_value","sort","id") values(48,'ColSpace','9',70,2094);
insert into "material_config"("material_id","config_key","config_value","sort","id") values(48,'ConsBottomOfZ','0',80,2095);
insert into "material_config"("material_id","config_key","config_value","sort","id") values(11,'Length','127',10,2322);
insert into "material_config"("material_id","config_key","config_value","sort","id") values(11,'Width','81.1',20,2323);
insert into "material_config"("material_id","config_key","config_value","sort","id") values(48,'GraspOffsetOfZ','0',90,2096);
insert into "material_config"("material_id","config_key","config_value","sort","id") values(48,'GraspOffsetOfG','0',100,2097);
insert into "material_config"("material_id","config_key","config_value","sort","id") values(48,'GraspOffsetOfEpson','26',110,2098);
insert into "material_config"("material_id","config_key","config_value","sort","id") values(11,'Height','60',30,2324);
insert into "material_config"("material_id","config_key","config_value","sort","id") values(11,'RowCounts','8',40,2325);
insert into "material_config"("material_id","config_key","config_value","sort","id") values(11,'ColCounts','12',50,2326);
insert into "material_config"("material_id","config_key","config_value","sort","id") values(11,'RowSpace','9',60,2327);
insert into "material_config"("material_id","config_key","config_value","sort","id") values(11,'ColSpace','9',70,2328);
insert into "material_config"("material_id","config_key","config_value","sort","id") values(11,'ConsBottomOfZ','5',80,2329);
insert into "material_config"("material_id","config_key","config_value","sort","id") values(11,'GraspOffsetOfZ','37.5',90,2330);
insert into "material_config"("material_id","config_key","config_value","sort","id") values(11,'GraspOffsetOfG','0.9',100,2331);
insert into "material_config"("material_id","config_key","config_value","sort","id") values(11,'GraspOffsetOfEpson','14.5',110,2332);
insert into "material_config"("material_id","config_key","config_value","sort","id") values(88,'Property',NULL,10,2761);
insert into "material_config"("material_id","config_key","config_value","sort","id") values(88,'Storage','0',20,2762);
insert into "material_config"("material_id","config_key","config_value","sort","id") values(88,'CentriVel','50',30,2763);
insert into "material_config"("material_id","config_key","config_value","sort","id") values(88,'CentriAccel','80',40,2764);
insert into "material_config"("material_id","config_key","config_value","sort","id") values(88,'CentriDecel','80',50,2765);
insert into "material_config"("material_id","config_key","config_value","sort","id") values(88,'CentriDuration','8',60,2766);
insert into "material_config"("material_id","config_key","config_value","sort","id") values(88,'BalancedPlatePN','MGBP02',70,2767);
insert into "material_config"("material_id","config_key","config_value","sort","id") values(89,'Property',NULL,10,2768);
insert into "material_config"("material_id","config_key","config_value","sort","id") values(89,'Storage','0',20,2769);
insert into "material_config"("material_id","config_key","config_value","sort","id") values(89,'CentriVel','50',30,2770);
insert into "material_config"("material_id","config_key","config_value","sort","id") values(89,'CentriAccel','80',40,2771);
insert into "material_config"("material_id","config_key","config_value","sort","id") values(54,'Length','127.8',10,2154);
insert into "material_config"("material_id","config_key","config_value","sort","id") values(54,'Width','85.6',20,2155);
insert into "material_config"("material_id","config_key","config_value","sort","id") values(54,'Height','66.5',30,2156);
insert into "material_config"("material_id","config_key","config_value","sort","id") values(54,'RowCounts','8',40,2157);
insert into "material_config"("material_id","config_key","config_value","sort","id") values(54,'ColCounts','12',50,2158);
insert into "material_config"("material_id","config_key","config_value","sort","id") values(54,'RowSpace','9',60,2159);
insert into "material_config"("material_id","config_key","config_value","sort","id") values(54,'ColSpace','9',70,2160);
insert into "material_config"("material_id","config_key","config_value","sort","id") values(54,'ConsBottomOfZ','0',80,2161);
insert into "material_config"("material_id","config_key","config_value","sort","id") values(54,'GraspOffsetOfZ','0',90,2162);
insert into "material_config"("material_id","config_key","config_value","sort","id") values(54,'GraspOffsetOfG','0',100,2163);
insert into "material_config"("material_id","config_key","config_value","sort","id") values(54,'GraspOffsetOfEpson','26',110,2164);
insert into "material_config"("material_id","config_key","config_value","sort","id") values(35,'Property','',NULL,1652);
insert into "material_config"("material_id","config_key","config_value","sort","id") values(35,'Storage','0',NULL,1653);
insert into "material_config"("material_id","config_key","config_value","sort","id") values(58,'Storage','0',10,2514);
insert into "material_config"("material_id","config_key","config_value","sort","id") values(89,'CentriDecel','80',50,2772);
insert into "material_config"("material_id","config_key","config_value","sort","id") values(89,'CentriDuration','8',60,2773);
insert into "material_config"("material_id","config_key","config_value","sort","id") values(89,'BalancedPlatePN','MGBP02',70,2774);
insert into "material_config"("material_id","config_key","config_value","sort","id") values(77,'Storage','0',10,2628);
insert into "material_config"("material_id","config_key","config_value","sort","id") values(77,'CentriVel','50',20,2629);
insert into "material_config"("material_id","config_key","config_value","sort","id") values(77,'CentriAccel','80',30,2630);
insert into "material_config"("material_id","config_key","config_value","sort","id") values(77,'CentriDecel','80',40,2631);
insert into "material_config"("material_id","config_key","config_value","sort","id") values(40,'Length','127',10,2333);
insert into "material_config"("material_id","config_key","config_value","sort","id") values(40,'Width','81.1',20,2334);
insert into "material_config"("material_id","config_key","config_value","sort","id") values(40,'Height','60',30,2335);
insert into "material_config"("material_id","config_key","config_value","sort","id") values(40,'RowCounts','8',40,2336);
insert into "material_config"("material_id","config_key","config_value","sort","id") values(40,'ColCounts','12',50,2337);
insert into "material_config"("material_id","config_key","config_value","sort","id") values(40,'RowSpace','9',60,2338);
insert into "material_config"("material_id","config_key","config_value","sort","id") values(40,'ColSpace','9',70,2339);
insert into "material_config"("material_id","config_key","config_value","sort","id") values(40,'ConsBottomOfZ','5',80,2340);
insert into "material_config"("material_id","config_key","config_value","sort","id") values(40,'GraspOffsetOfZ','37.5',90,2341);
insert into "material_config"("material_id","config_key","config_value","sort","id") values(40,'GraspOffsetOfG','0.9',100,2342);
insert into "material_config"("material_id","config_key","config_value","sort","id") values(40,'GraspOffsetOfEpson','14.5',110,2343);
insert into "material_config"("material_id","config_key","config_value","sort","id") values(41,'Length','127',10,2344);
insert into "material_config"("material_id","config_key","config_value","sort","id") values(41,'Width','81.1',20,2345);
insert into "material_config"("material_id","config_key","config_value","sort","id") values(41,'Height','60',30,2346);
insert into "material_config"("material_id","config_key","config_value","sort","id") values(41,'RowCounts','8',40,2347);
insert into "material_config"("material_id","config_key","config_value","sort","id") values(41,'ColCounts','12',50,2348);
insert into "material_config"("material_id","config_key","config_value","sort","id") values(41,'RowSpace','9',60,2349);
insert into "material_config"("material_id","config_key","config_value","sort","id") values(41,'ColSpace','9',70,2350);
insert into "material_config"("material_id","config_key","config_value","sort","id") values(41,'ConsBottomOfZ','5',80,2351);
insert into "material_config"("material_id","config_key","config_value","sort","id") values(41,'GraspOffsetOfZ','37.5',90,2352);
insert into "material_config"("material_id","config_key","config_value","sort","id") values(41,'GraspOffsetOfG','0.9',100,2353);
insert into "material_config"("material_id","config_key","config_value","sort","id") values(77,'CentriDuration','8',50,2632);
insert into "material_config"("material_id","config_key","config_value","sort","id") values(77,'BalancedPlatePN','MGBP02',60,2633);
insert into "material_config"("material_id","config_key","config_value","sort","id") values(78,'Storage','0',10,2634);
insert into "material_config"("material_id","config_key","config_value","sort","id") values(78,'CentriVel','50',20,2635);
insert into "material_config"("material_id","config_key","config_value","sort","id") values(78,'CentriAccel','80',30,2636);
insert into "material_config"("material_id","config_key","config_value","sort","id") values(41,'GraspOffsetOfEpson','14.5',110,2354);
insert into "material_config"("material_id","config_key","config_value","sort","id") values(78,'CentriDecel','80',40,2637);
insert into "material_config"("material_id","config_key","config_value","sort","id") values(78,'CentriDuration','8',50,2638);
insert into "material_config"("material_id","config_key","config_value","sort","id") values(78,'BalancedPlatePN','MGBP02',60,2639);
insert into "material_config"("material_id","config_key","config_value","sort","id") values(42,'Length','127.8',10,2044);
insert into "material_config"("material_id","config_key","config_value","sort","id") values(42,'Width','85.6',20,2045);
insert into "material_config"("material_id","config_key","config_value","sort","id") values(42,'Height','66.5',30,2046);
insert into "material_config"("material_id","config_key","config_value","sort","id") values(42,'RowCounts','8',40,2047);
insert into "material_config"("material_id","config_key","config_value","sort","id") values(42,'ColCounts','12',50,2048);
insert into "material_config"("material_id","config_key","config_value","sort","id") values(42,'RowSpace','9',60,2049);
insert into "material_config"("material_id","config_key","config_value","sort","id") values(42,'ColSpace','9',70,2050);
insert into "material_config"("material_id","config_key","config_value","sort","id") values(90,'Property',NULL,10,2775);
insert into "material_config"("material_id","config_key","config_value","sort","id") values(90,'Storage','0',20,2776);
insert into "material_config"("material_id","config_key","config_value","sort","id") values(90,'CentriVel','50',30,2777);
insert into "material_config"("material_id","config_key","config_value","sort","id") values(90,'CentriAccel','80',40,2778);
insert into "material_config"("material_id","config_key","config_value","sort","id") values(90,'CentriDecel','80',50,2779);
insert into "material_config"("material_id","config_key","config_value","sort","id") values(90,'CentriDuration','8',60,2780);
insert into "material_config"("material_id","config_key","config_value","sort","id") values(90,'BalancedPlatePN','MGBP02',70,2781);
insert into "material_config"("material_id","config_key","config_value","sort","id") values(91,'Property',NULL,10,2782);
insert into "material_config"("material_id","config_key","config_value","sort","id") values(91,'Storage','0',20,2783);
insert into "material_config"("material_id","config_key","config_value","sort","id") values(91,'CentriVel','50',30,2784);
insert into "material_config"("material_id","config_key","config_value","sort","id") values(91,'CentriAccel','80',40,2785);
insert into "material_config"("material_id","config_key","config_value","sort","id") values(91,'CentriDecel','80',50,2786);
insert into "material_config"("material_id","config_key","config_value","sort","id") values(91,'CentriDuration','8',60,2787);
insert into "material_config"("material_id","config_key","config_value","sort","id") values(91,'BalancedPlatePN','MGBP02',70,2788);
insert into "material_config"("material_id","config_key","config_value","sort","id") values(42,'ConsBottomOfZ','0',80,2051);
insert into "material_config"("material_id","config_key","config_value","sort","id") values(42,'GraspOffsetOfZ','0',90,2052);
insert into "material_config"("material_id","config_key","config_value","sort","id") values(42,'GraspOffsetOfG','0',100,2053);
insert into "material_config"("material_id","config_key","config_value","sort","id") values(42,'GraspOffsetOfEpson','26',110,2054);
insert into "material_config"("material_id","config_key","config_value","sort","id") values(93,'Property',NULL,10,2796);
insert into "material_config"("material_id","config_key","config_value","sort","id") values(93,'Storage','0',20,2797);
insert into "material_config"("material_id","config_key","config_value","sort","id") values(93,'CentriVel','70',30,2798);
insert into "material_config"("material_id","config_key","config_value","sort","id") values(93,'CentriAccel','80',40,2799);
insert into "material_config"("material_id","config_key","config_value","sort","id") values(93,'CentriDecel','80',50,2800);
insert into "material_config"("material_id","config_key","config_value","sort","id") values(93,'CentriDuration','8',60,2801);
insert into "material_config"("material_id","config_key","config_value","sort","id") values(93,'BalancedPlatePN','MGBP01',70,2802);
insert into "material_config"("material_id","config_key","config_value","sort","id") values(94,'Property',NULL,10,2803);
insert into "material_config"("material_id","config_key","config_value","sort","id") values(94,'Storage','0',20,2804);
insert into "material_config"("material_id","config_key","config_value","sort","id") values(94,'CentriVel','70',30,2805);
insert into "material_config"("material_id","config_key","config_value","sort","id") values(94,'CentriAccel','80',40,2806);
insert into "material_config"("material_id","config_key","config_value","sort","id") values(94,'CentriDecel','80',50,2807);
insert into "material_config"("material_id","config_key","config_value","sort","id") values(94,'CentriDuration','8',60,2808);
insert into "material_config"("material_id","config_key","config_value","sort","id") values(94,'BalancedPlatePN','MGBP01',70,2809);
insert into "material_config"("material_id","config_key","config_value","sort","id") values(50,'Length','127.8',10,2110);
insert into "material_config"("material_id","config_key","config_value","sort","id") values(50,'Width','85.6',20,2111);
insert into "material_config"("material_id","config_key","config_value","sort","id") values(50,'Height','66.5',30,2112);
insert into "material_config"("material_id","config_key","config_value","sort","id") values(50,'RowCounts','8',40,2113);
insert into "material_config"("material_id","config_key","config_value","sort","id") values(50,'ColCounts','12',50,2114);
insert into "material_config"("material_id","config_key","config_value","sort","id") values(50,'RowSpace','9',60,2115);
insert into "material_config"("material_id","config_key","config_value","sort","id") values(50,'ColSpace','9',70,2116);
insert into "material_config"("material_id","config_key","config_value","sort","id") values(50,'ConsBottomOfZ','0',80,2117);
insert into "material_config"("material_id","config_key","config_value","sort","id") values(50,'GraspOffsetOfZ','0',90,2118);
insert into "material_config"("material_id","config_key","config_value","sort","id") values(50,'GraspOffsetOfG','0',100,2119);
insert into "material_config"("material_id","config_key","config_value","sort","id") values(50,'GraspOffsetOfEpson','26',110,2120);
insert into "material_config"("material_id","config_key","config_value","sort","id") values(51,'Length','127.8',10,2121);
insert into "material_config"("material_id","config_key","config_value","sort","id") values(51,'Width','85.6',20,2122);
insert into "material_config"("material_id","config_key","config_value","sort","id") values(9,'CentriTemp','0',NULL,1867);
insert into "material_config"("material_id","config_key","config_value","sort","id") values(9,'LocationSpeed','1',160,1868);
insert into "material_config"("material_id","config_key","config_value","sort","id") values(9,'AdhereTime','1',150,1869);
insert into "material_config"("material_id","config_key","config_value","sort","id") values(9,'PlateLocDuration','2',140,1870);
insert into "material_config"("material_id","config_key","config_value","sort","id") values(9,'PlateLocTemp','175',130,1871);
insert into "material_config"("material_id","config_key","config_value","sort","id") values(9,'FilmType','非穿刺膜',120,1872);
insert into "material_config"("material_id","config_key","config_value","sort","id") values(9,'GraspOffsetOfEpson','0',110,1873);
insert into "material_config"("material_id","config_key","config_value","sort","id") values(9,'GraspOffsetOfG','1',100,1874);
insert into "material_config"("material_id","config_key","config_value","sort","id") values(9,'CentriSpeed','0',170,1875);
insert into "material_config"("material_id","config_key","config_value","sort","id") values(9,'GraspOffsetOfZ','8',90,1876);
insert into "material_config"("material_id","config_key","config_value","sort","id") values(9,'ColSpace','9',70,1877);
insert into "material_config"("material_id","config_key","config_value","sort","id") values(9,'RowSpace','9',60,1878);
insert into "material_config"("material_id","config_key","config_value","sort","id") values(9,'ColCounts','12',50,1879);
insert into "material_config"("material_id","config_key","config_value","sort","id") values(9,'RowCounts','8',40,1880);
insert into "material_config"("material_id","config_key","config_value","sort","id") values(9,'Height','16',30,1881);
insert into "material_config"("material_id","config_key","config_value","sort","id") values(9,'Width','82.2',20,1882);
insert into "material_config"("material_id","config_key","config_value","sort","id") values(9,'Length','123',10,1883);
insert into "material_config"("material_id","config_key","config_value","sort","id") values(9,'ConsBottomOfZ','1.7',80,1884);
insert into "material_config"("material_id","config_key","config_value","sort","id") values(9,'CentriDuration','0',180,1885);
insert into "material_config"("material_id","config_key","config_value","sort","id") values(2,'RackLength','141',10,2640);
insert into "material_config"("material_id","config_key","config_value","sort","id") values(2,'RackWidth','99',20,2641);
insert into "material_config"("material_id","config_key","config_value","sort","id") values(2,'RackHeight','620.1',30,2642);
insert into "material_config"("material_id","config_key","config_value","sort","id") values(2,'RackBarcodeHeight','578.5',40,2643);
insert into "material_config"("material_id","config_key","config_value","sort","id") values(2,'LevelCounts','4',50,2644);
insert into "material_config"("material_id","config_key","config_value","sort","id") values(2,'LevelLength','129',60,2645);
insert into "material_config"("material_id","config_key","config_value","sort","id") values(2,'LevelWidth','87',70,2646);
insert into "material_config"("material_id","config_key","config_value","sort","id") values(2,'LevelHeight','125',80,2647);
insert into "material_config"("material_id","config_key","config_value","sort","id") values(2,'LevelBarcodeHeight','91',90,2648);
insert into "material_config"("material_id","config_key","config_value","sort","id") values(57,'LocationSpeed','1',160,1905);
insert into "material_config"("material_id","config_key","config_value","sort","id") values(57,'AdhereTime','1',150,1906);
insert into "material_config"("material_id","config_key","config_value","sort","id") values(57,'PlateLocDuration','2',140,1907);
insert into "material_config"("material_id","config_key","config_value","sort","id") values(57,'PlateLocTemp','175',130,1908);
insert into "material_config"("material_id","config_key","config_value","sort","id") values(57,'FilmType','非穿刺膜',120,1909);
insert into "material_config"("material_id","config_key","config_value","sort","id") values(57,'GraspOffsetOfEpson','0',110,1910);
insert into "material_config"("material_id","config_key","config_value","sort","id") values(57,'GraspOffsetOfG','1',100,1911);
insert into "material_config"("material_id","config_key","config_value","sort","id") values(57,'GraspOffsetOfZ','8',90,1912);
insert into "material_config"("material_id","config_key","config_value","sort","id") values(57,'CentriTemp','0',NULL,1913);
insert into "material_config"("material_id","config_key","config_value","sort","id") values(57,'ColSpace','9',70,1914);
insert into "material_config"("material_id","config_key","config_value","sort","id") values(57,'RowSpace','9',60,1915);
insert into "material_config"("material_id","config_key","config_value","sort","id") values(57,'ColCounts','12',50,1916);
insert into "material_config"("material_id","config_key","config_value","sort","id") values(57,'RowCounts','8',40,1917);
insert into "material_config"("material_id","config_key","config_value","sort","id") values(57,'Height','16',30,1918);
insert into "material_config"("material_id","config_key","config_value","sort","id") values(57,'Width','82.2',20,1919);
insert into "material_config"("material_id","config_key","config_value","sort","id") values(57,'Length','123',10,1920);
insert into "material_config"("material_id","config_key","config_value","sort","id") values(57,'CentriSpeed','0',170,1921);
insert into "material_config"("material_id","config_key","config_value","sort","id") values(57,'ConsBottomOfZ','1.7',80,1922);
insert into "material_config"("material_id","config_key","config_value","sort","id") values(57,'CentriDuration','0',180,1923);
insert into "material_config"("material_id","config_key","config_value","sort","id") values(26,'Storage','0',10,2714);
insert into "material_config"("material_id","config_key","config_value","sort","id") values(26,'CentriVel','0',20,2715);
insert into "material_config"("material_id","config_key","config_value","sort","id") values(26,'CentriAccel','0',30,2716);
insert into "material_config"("material_id","config_key","config_value","sort","id") values(26,'CentriDecel','0',40,2717);
insert into "material_config"("material_id","config_key","config_value","sort","id") values(26,'CentriDuration','0',50,2718);
insert into "material_config"("material_id","config_key","config_value","sort","id") values(26,'BalancedPlatePN',NULL,60,2719);
insert into "material_config"("material_id","config_key","config_value","sort","id") values(27,'Storage','0',10,2720);
insert into "material_config"("material_id","config_key","config_value","sort","id") values(27,'CentriVel','0',20,2721);
insert into "material_config"("material_id","config_key","config_value","sort","id") values(45,'Length','127.8',10,2055);
insert into "material_config"("material_id","config_key","config_value","sort","id") values(45,'Width','85.6',20,2056);
insert into "material_config"("material_id","config_key","config_value","sort","id") values(45,'Height','66.5',30,2057);
insert into "material_config"("material_id","config_key","config_value","sort","id") values(45,'RowCounts','8',40,2058);
insert into "material_config"("material_id","config_key","config_value","sort","id") values(45,'ColCounts','12',50,2059);
insert into "material_config"("material_id","config_key","config_value","sort","id") values(45,'RowSpace','9',60,2060);
insert into "material_config"("material_id","config_key","config_value","sort","id") values(45,'ColSpace','9',70,2061);
insert into "material_config"("material_id","config_key","config_value","sort","id") values(45,'ConsBottomOfZ','0',80,2062);
insert into "material_config"("material_id","config_key","config_value","sort","id") values(45,'GraspOffsetOfZ','0',90,2063);
insert into "material_config"("material_id","config_key","config_value","sort","id") values(45,'GraspOffsetOfG','0',100,2064);
insert into "material_config"("material_id","config_key","config_value","sort","id") values(45,'GraspOffsetOfEpson','26',110,2065);
insert into "material_config"("material_id","config_key","config_value","sort","id") values(51,'Height','66.5',30,2123);
insert into "material_config"("material_id","config_key","config_value","sort","id") values(51,'RowCounts','8',40,2124);
insert into "material_config"("material_id","config_key","config_value","sort","id") values(51,'ColCounts','12',50,2125);
insert into "material_config"("material_id","config_key","config_value","sort","id") values(51,'RowSpace','9',60,2126);
insert into "material_config"("material_id","config_key","config_value","sort","id") values(51,'ColSpace','9',70,2127);
insert into "material_config"("material_id","config_key","config_value","sort","id") values(51,'ConsBottomOfZ','0',80,2128);
insert into "material_config"("material_id","config_key","config_value","sort","id") values(51,'GraspOffsetOfZ','0',90,2129);
insert into "material_config"("material_id","config_key","config_value","sort","id") values(51,'GraspOffsetOfG','0',100,2130);
insert into "material_config"("material_id","config_key","config_value","sort","id") values(51,'GraspOffsetOfEpson','26',110,2131);
insert into "material_config"("material_id","config_key","config_value","sort","id") values(53,'Length','127.8',10,2143);
insert into "material_config"("material_id","config_key","config_value","sort","id") values(53,'Width','85.6',20,2144);
insert into "material_config"("material_id","config_key","config_value","sort","id") values(53,'Height','66.5',30,2145);
insert into "material_config"("material_id","config_key","config_value","sort","id") values(53,'RowCounts','8',40,2146);
insert into "material_config"("material_id","config_key","config_value","sort","id") values(53,'ColCounts','12',50,2147);
insert into "material_config"("material_id","config_key","config_value","sort","id") values(53,'RowSpace','9',60,2148);
insert into "material_config"("material_id","config_key","config_value","sort","id") values(53,'ColSpace','9',70,2149);
insert into "material_config"("material_id","config_key","config_value","sort","id") values(53,'ConsBottomOfZ','0',80,2150);
insert into "material_config"("material_id","config_key","config_value","sort","id") values(53,'GraspOffsetOfZ','0',90,2151);
insert into "material_config"("material_id","config_key","config_value","sort","id") values(53,'GraspOffsetOfG','0',100,2152);
insert into "material_config"("material_id","config_key","config_value","sort","id") values(53,'GraspOffsetOfEpson','26',110,2153);
insert into "material_config"("material_id","config_key","config_value","sort","id") values(58,'CentriVel','45',20,2515);
insert into "material_config"("material_id","config_key","config_value","sort","id") values(58,'CentriAccel','80',30,2516);
insert into "material_config"("material_id","config_key","config_value","sort","id") values(58,'CentriDecel','80',40,2517);
insert into "material_config"("material_id","config_key","config_value","sort","id") values(58,'CentriDuration','8',50,2518);
insert into "material_config"("material_id","config_key","config_value","sort","id") values(58,'BalancedPlatePN','MGBP03',60,2519);
insert into "material_config"("material_id","config_key","config_value","sort","id") values(64,'Storage','0',10,2520);
insert into "material_config"("material_id","config_key","config_value","sort","id") values(64,'CentriVel','45',20,2521);
insert into "material_config"("material_id","config_key","config_value","sort","id") values(64,'CentriAccel','80',30,2522);
insert into "material_config"("material_id","config_key","config_value","sort","id") values(64,'CentriDecel','80',40,2523);
insert into "material_config"("material_id","config_key","config_value","sort","id") values(64,'CentriDuration','8',50,2524);
insert into "material_config"("material_id","config_key","config_value","sort","id") values(64,'BalancedPlatePN','MGBP03',60,2525);
insert into "material_config"("material_id","config_key","config_value","sort","id") values(65,'Storage','0',10,2526);
insert into "material_config"("material_id","config_key","config_value","sort","id") values(65,'CentriVel','45',20,2527);
insert into "material_config"("material_id","config_key","config_value","sort","id") values(65,'CentriAccel','80',30,2528);
insert into "material_config"("material_id","config_key","config_value","sort","id") values(65,'CentriDecel','80',40,2529);
insert into "material_config"("material_id","config_key","config_value","sort","id") values(65,'CentriDuration','8',50,2530);
insert into "material_config"("material_id","config_key","config_value","sort","id") values(65,'BalancedPlatePN','MGBP03',60,2531);
insert into "material_config"("material_id","config_key","config_value","sort","id") values(66,'Storage','0',10,2532);
insert into "material_config"("material_id","config_key","config_value","sort","id") values(66,'CentriVel','45',20,2533);
insert into "material_config"("material_id","config_key","config_value","sort","id") values(66,'CentriAccel','80',30,2534);
insert into "material_config"("material_id","config_key","config_value","sort","id") values(66,'CentriDecel','80',40,2535);
insert into "material_config"("material_id","config_key","config_value","sort","id") values(66,'CentriDuration','8',50,2536);
insert into "material_config"("material_id","config_key","config_value","sort","id") values(66,'BalancedPlatePN','MGBP03',60,2537);
insert into "material_config"("material_id","config_key","config_value","sort","id") values(67,'Storage','0',10,2538);
insert into "material_config"("material_id","config_key","config_value","sort","id") values(67,'CentriVel','45',20,2539);
insert into "material_config"("material_id","config_key","config_value","sort","id") values(67,'CentriAccel','80',30,2540);
insert into "material_config"("material_id","config_key","config_value","sort","id") values(67,'CentriDecel','80',40,2541);
insert into "material_config"("material_id","config_key","config_value","sort","id") values(67,'CentriDuration','8',50,2542);
insert into "material_config"("material_id","config_key","config_value","sort","id") values(67,'BalancedPlatePN','MGBP03',60,2543);
insert into "material_config"("material_id","config_key","config_value","sort","id") values(68,'Storage','0',10,2544);
insert into "material_config"("material_id","config_key","config_value","sort","id") values(68,'CentriVel','45',20,2545);
insert into "material_config"("material_id","config_key","config_value","sort","id") values(68,'CentriAccel','80',30,2546);
insert into "material_config"("material_id","config_key","config_value","sort","id") values(68,'CentriDecel','80',40,2547);
insert into "material_config"("material_id","config_key","config_value","sort","id") values(68,'CentriDuration','8',50,2548);
insert into "material_config"("material_id","config_key","config_value","sort","id") values(68,'BalancedPlatePN','MGBP03',60,2549);
insert into "material_config"("material_id","config_key","config_value","sort","id") values(69,'Storage','0',10,2550);
insert into "material_config"("material_id","config_key","config_value","sort","id") values(69,'CentriVel','45',20,2551);
insert into "material_config"("material_id","config_key","config_value","sort","id") values(69,'CentriAccel','80',30,2552);
insert into "material_config"("material_id","config_key","config_value","sort","id") values(69,'CentriDecel','80',40,2553);
insert into "material_config"("material_id","config_key","config_value","sort","id") values(69,'CentriDuration','8',50,2554);
insert into "material_config"("material_id","config_key","config_value","sort","id") values(69,'BalancedPlatePN','MGBP03',60,2555);
insert into "material_config"("material_id","config_key","config_value","sort","id") values(59,'Storage','0',10,2556);
insert into "material_config"("material_id","config_key","config_value","sort","id") values(59,'CentriVel','50',20,2557);
insert into "material_config"("material_id","config_key","config_value","sort","id") values(59,'CentriAccel','80',30,2558);
insert into "material_config"("material_id","config_key","config_value","sort","id") values(59,'CentriDecel','80',40,2559);
insert into "material_config"("material_id","config_key","config_value","sort","id") values(59,'CentriDuration','8',50,2560);
insert into "material_config"("material_id","config_key","config_value","sort","id") values(59,'BalancedPlatePN','MGBP02',60,2561);
insert into "material_config"("material_id","config_key","config_value","sort","id") values(60,'Storage','0',10,2562);
insert into "material_config"("material_id","config_key","config_value","sort","id") values(60,'CentriVel','50',20,2563);
insert into "material_config"("material_id","config_key","config_value","sort","id") values(60,'CentriAccel','80',30,2564);
insert into "material_config"("material_id","config_key","config_value","sort","id") values(60,'CentriDecel','80',40,2565);
insert into "material_config"("material_id","config_key","config_value","sort","id") values(60,'CentriDuration','8',50,2566);
insert into "material_config"("material_id","config_key","config_value","sort","id") values(60,'BalancedPlatePN','MGBP02',60,2567);
insert into "material_config"("material_id","config_key","config_value","sort","id") values(70,'Storage','0',10,2586);
insert into "material_config"("material_id","config_key","config_value","sort","id") values(70,'CentriVel','50',20,2587);
insert into "material_config"("material_id","config_key","config_value","sort","id") values(70,'CentriAccel','80',30,2588);
insert into "material_config"("material_id","config_key","config_value","sort","id") values(70,'CentriDecel','80',40,2589);
insert into "material_config"("material_id","config_key","config_value","sort","id") values(70,'CentriDuration','8',50,2590);
insert into "material_config"("material_id","config_key","config_value","sort","id") values(70,'BalancedPlatePN','MGBP02',60,2591);
insert into "material_config"("material_id","config_key","config_value","sort","id") values(71,'Storage','0',10,2592);
insert into "material_config"("material_id","config_key","config_value","sort","id") values(71,'CentriVel','50',20,2593);
insert into "material_config"("material_id","config_key","config_value","sort","id") values(71,'CentriAccel','80',30,2594);
insert into "material_config"("material_id","config_key","config_value","sort","id") values(71,'CentriDecel','80',40,2595);
insert into "material_config"("material_id","config_key","config_value","sort","id") values(71,'CentriDuration','8',50,2596);
insert into "material_config"("material_id","config_key","config_value","sort","id") values(71,'BalancedPlatePN','MGBP02',60,2597);
insert into "material_config"("material_id","config_key","config_value","sort","id") values(7,'RackLength','141',10,2658);
insert into "material_config"("material_id","config_key","config_value","sort","id") values(7,'RackWidth','99',20,2659);
insert into "material_config"("material_id","config_key","config_value","sort","id") values(7,'RackHeight','620.1',30,2660);
insert into "material_config"("material_id","config_key","config_value","sort","id") values(7,'RackBarcodeHeight','578.5',40,2661);
insert into "material_config"("material_id","config_key","config_value","sort","id") values(7,'LevelCounts','4',50,2662);
insert into "material_config"("material_id","config_key","config_value","sort","id") values(7,'LevelLength','129',60,2663);
insert into "material_config"("material_id","config_key","config_value","sort","id") values(7,'LevelWidth','87',70,2664);
insert into "material_config"("material_id","config_key","config_value","sort","id") values(7,'LevelHeight','125',80,2665);
insert into "material_config"("material_id","config_key","config_value","sort","id") values(7,'LevelBarcodeHeight','53',90,2666);
insert into "material_config"("material_id","config_key","config_value","sort","id") values(36,'Property',NULL,10,2683);
insert into "material_config"("material_id","config_key","config_value","sort","id") values(36,'Storage','0',20,2684);
insert into "material_config"("material_id","config_key","config_value","sort","id") values(36,'CentriVel','50',30,2685);
insert into "material_config"("material_id","config_key","config_value","sort","id") values(36,'CentriAccel','80',40,2686);
insert into "material_config"("material_id","config_key","config_value","sort","id") values(36,'CentriDecel','80',50,2687);
insert into "material_config"("material_id","config_key","config_value","sort","id") values(36,'CentriDuration','8',60,2688);
insert into "material_config"("material_id","config_key","config_value","sort","id") values(36,'BalancedPlatePN','MGBP02',70,2689);
insert into "material_config"("material_id","config_key","config_value","sort","id") values(86,'Storage','0',NULL,2702);
insert into "material_config"("material_id","config_key","config_value","sort","id") values(86,'CentriVel','0',NULL,2703);
insert into "material_config"("material_id","config_key","config_value","sort","id") values(86,'CentriAccel','0',NULL,2704);
insert into "material_config"("material_id","config_key","config_value","sort","id") values(86,'CentriDecel','0',NULL,2705);
insert into "material_config"("material_id","config_key","config_value","sort","id") values(86,'CentriDuration','0',NULL,2706);
insert into "material_config"("material_id","config_key","config_value","sort","id") values(86,'BalancedPlatePN',NULL,NULL,2707);
insert into "material_config"("material_id","config_key","config_value","sort","id") values(25,'Storage','0',10,2732);
insert into "material_config"("material_id","config_key","config_value","sort","id") values(25,'CentriVel','0',20,2733);
insert into "material_config"("material_id","config_key","config_value","sort","id") values(25,'CentriAccel','0',30,2734);
insert into "material_config"("material_id","config_key","config_value","sort","id") values(25,'CentriDecel','0',40,2735);
insert into "material_config"("material_id","config_key","config_value","sort","id") values(25,'CentriDuration','0',50,2736);
insert into "material_config"("material_id","config_key","config_value","sort","id") values(25,'BalancedPlatePN',NULL,60,2737);
insert into "material_config"("material_id","config_key","config_value","sort","id") values(92,'Property',NULL,10,2789);
insert into "material_config"("material_id","config_key","config_value","sort","id") values(92,'Storage','0',20,2790);
insert into "material_config"("material_id","config_key","config_value","sort","id") values(92,'CentriVel','70',30,2791);
insert into "material_config"("material_id","config_key","config_value","sort","id") values(92,'CentriAccel','80',40,2792);
insert into "material_config"("material_id","config_key","config_value","sort","id") values(92,'CentriDecel','80',50,2793);
insert into "material_config"("material_id","config_key","config_value","sort","id") values(92,'CentriDuration','8',60,2794);
insert into "material_config"("material_id","config_key","config_value","sort","id") values(92,'BalancedPlatePN','MGBP01',70,2795);
insert into "material_config"("material_id","config_key","config_value","sort","id") values(61,'Storage','0',10,2568);
insert into "material_config"("material_id","config_key","config_value","sort","id") values(61,'CentriVel','50',20,2569);
insert into "material_config"("material_id","config_key","config_value","sort","id") values(61,'CentriAccel','80',30,2570);
insert into "material_config"("material_id","config_key","config_value","sort","id") values(61,'CentriDecel','80',40,2571);
insert into "material_config"("material_id","config_key","config_value","sort","id") values(61,'CentriDuration','8',50,2572);
insert into "material_config"("material_id","config_key","config_value","sort","id") values(61,'BalancedPlatePN','MGBP02',60,2573);
insert into "material_config"("material_id","config_key","config_value","sort","id") values(62,'Storage','0',10,2574);
insert into "material_config"("material_id","config_key","config_value","sort","id") values(62,'CentriVel','50',20,2575);
insert into "material_config"("material_id","config_key","config_value","sort","id") values(62,'CentriAccel','80',30,2576);
insert into "material_config"("material_id","config_key","config_value","sort","id") values(62,'CentriDecel','80',40,2577);
insert into "material_config"("material_id","config_key","config_value","sort","id") values(62,'CentriDuration','8',50,2578);
insert into "material_config"("material_id","config_key","config_value","sort","id") values(62,'BalancedPlatePN','MGBP02',60,2579);
insert into "material_config"("material_id","config_key","config_value","sort","id") values(63,'Storage','0',10,2580);
insert into "material_config"("material_id","config_key","config_value","sort","id") values(63,'CentriVel','50',20,2581);
insert into "material_config"("material_id","config_key","config_value","sort","id") values(63,'CentriAccel','80',30,2582);
insert into "material_config"("material_id","config_key","config_value","sort","id") values(63,'CentriDecel','80',40,2583);
insert into "material_config"("material_id","config_key","config_value","sort","id") values(63,'CentriDuration','8',50,2584);
insert into "material_config"("material_id","config_key","config_value","sort","id") values(63,'BalancedPlatePN','MGBP02',60,2585);
insert into "material_config"("material_id","config_key","config_value","sort","id") values(72,'Storage','0',10,2598);
insert into "material_config"("material_id","config_key","config_value","sort","id") values(72,'CentriVel','50',20,2599);
insert into "material_config"("material_id","config_key","config_value","sort","id") values(72,'CentriAccel','80',30,2600);
insert into "material_config"("material_id","config_key","config_value","sort","id") values(72,'CentriDecel','80',40,2601);
insert into "material_config"("material_id","config_key","config_value","sort","id") values(72,'CentriDuration','8',50,2602);
insert into "material_config"("material_id","config_key","config_value","sort","id") values(72,'BalancedPlatePN','MGBP02',60,2603);
insert into "material_config"("material_id","config_key","config_value","sort","id") values(6,'RackLength','141',10,2667);
insert into "material_config"("material_id","config_key","config_value","sort","id") values(6,'RackWidth','99',20,2668);
insert into "material_config"("material_id","config_key","config_value","sort","id") values(6,'RackHeight','620.1',30,2669);
insert into "material_config"("material_id","config_key","config_value","sort","id") values(6,'RackBarcodeHeight','578.5',40,2670);
insert into "material_config"("material_id","config_key","config_value","sort","id") values(6,'LevelCounts','7',50,2671);
insert into "material_config"("material_id","config_key","config_value","sort","id") values(6,'LevelLength','129',60,2672);
insert into "material_config"("material_id","config_key","config_value","sort","id") values(6,'LevelWidth','87',70,2673);
insert into "material_config"("material_id","config_key","config_value","sort","id") values(6,'LevelHeight','80',80,2674);
insert into "material_config"("material_id","config_key","config_value","sort","id") values(6,'LevelBarcodeHeight','53',90,2675);
insert into "material_config"("material_id","config_key","config_value","sort","id") values(27,'CentriAccel','0',30,2722);
insert into "material_config"("material_id","config_key","config_value","sort","id") values(27,'CentriDecel','0',40,2723);
insert into "material_config"("material_id","config_key","config_value","sort","id") values(27,'CentriDuration','0',50,2724);
insert into "material_config"("material_id","config_key","config_value","sort","id") values(27,'BalancedPlatePN',NULL,60,2725);
insert into "material_config"("material_id","config_key","config_value","sort","id") values(85,'Storage','0',10,2726);
insert into "material_config"("material_id","config_key","config_value","sort","id") values(85,'CentriVel','0',20,2727);
insert into "material_config"("material_id","config_key","config_value","sort","id") values(85,'CentriAccel','0',30,2728);
insert into "material_config"("material_id","config_key","config_value","sort","id") values(85,'CentriDecel','0',40,2729);
insert into "material_config"("material_id","config_key","config_value","sort","id") values(85,'CentriDuration','0',50,2730);
insert into "material_config"("material_id","config_key","config_value","sort","id") values(85,'BalancedPlatePN',NULL,60,2731);
insert into "material_config"("material_id","config_key","config_value","sort","id") values(87,'Property',NULL,10,2754);
insert into "material_config"("material_id","config_key","config_value","sort","id") values(87,'Storage','0',20,2755);
insert into "material_config"("material_id","config_key","config_value","sort","id") values(87,'CentriVel','50',30,2756);
insert into "material_config"("material_id","config_key","config_value","sort","id") values(87,'CentriAccel','80',40,2757);
insert into "material_config"("material_id","config_key","config_value","sort","id") values(87,'CentriDecel','80',50,2758);
insert into "material_config"("material_id","config_key","config_value","sort","id") values(87,'CentriDuration','8',60,2759);
insert into "material_config"("material_id","config_key","config_value","sort","id") values(87,'BalancedPlatePN','MGBP02',70,2760);
insert into "material_config"("material_id","config_key","config_value","sort","id") values(81,'RackLength','141',10,2810);
insert into "material_config"("material_id","config_key","config_value","sort","id") values(81,'RackWidth','99',20,2811);
insert into "material_config"("material_id","config_key","config_value","sort","id") values(81,'RackHeight','620.1',30,2812);
insert into "material_config"("material_id","config_key","config_value","sort","id") values(81,'RackBarcodeHeight','578.5',40,2813);
insert into "material_config"("material_id","config_key","config_value","sort","id") values(81,'LevelCounts','4',50,2814);
insert into "material_config"("material_id","config_key","config_value","sort","id") values(81,'LevelLength','129',60,2815);
insert into "material_config"("material_id","config_key","config_value","sort","id") values(81,'LevelWidth','87',70,2816);
insert into "material_config"("material_id","config_key","config_value","sort","id") values(81,'LevelHeight','125',80,2817);
insert into "material_config"("material_id","config_key","config_value","sort","id") values(81,'LevelBarcodeHeight','84.5',90,2818);
insert into "material_config"("material_id","config_key","config_value","sort","id") values(46,'Length','127.8',10,2819);
insert into "material_config"("material_id","config_key","config_value","sort","id") values(46,'Width','85.6',20,2820);
insert into "material_config"("material_id","config_key","config_value","sort","id") values(46,'Height','104.5',30,2821);
insert into "material_config"("material_id","config_key","config_value","sort","id") values(46,'RowCounts','8',40,2822);
insert into "material_config"("material_id","config_key","config_value","sort","id") values(46,'ColCounts','12',50,2823);
insert into "material_config"("material_id","config_key","config_value","sort","id") values(46,'RowSpace','9',60,2824);
insert into "material_config"("material_id","config_key","config_value","sort","id") values(46,'ColSpace','9',70,2825);
insert into "material_config"("material_id","config_key","config_value","sort","id") values(46,'ConsBottomOfZ','0',80,2826);
insert into "material_config"("material_id","config_key","config_value","sort","id") values(46,'GraspOffsetOfZ','0',90,2827);
insert into "material_config"("material_id","config_key","config_value","sort","id") values(46,'GraspOffsetOfG','0',100,2828);
insert into "material_config"("material_id","config_key","config_value","sort","id") values(46,'GraspOffsetOfEpson','62',110,2829);
insert into "material_config"("material_id","config_key","config_value","sort","id") values(49,'Length','127.8',10,2830);
insert into "material_config"("material_id","config_key","config_value","sort","id") values(49,'Width','85.6',20,2831);
insert into "material_config"("material_id","config_key","config_value","sort","id") values(49,'Height','104.5',30,2832);
insert into "material_config"("material_id","config_key","config_value","sort","id") values(49,'RowCounts','8',40,2833);
insert into "material_config"("material_id","config_key","config_value","sort","id") values(49,'ColCounts','12',50,2834);
insert into "material_config"("material_id","config_key","config_value","sort","id") values(49,'RowSpace','9',60,2835);
insert into "material_config"("material_id","config_key","config_value","sort","id") values(49,'ColSpace','9',70,2836);
insert into "material_config"("material_id","config_key","config_value","sort","id") values(49,'ConsBottomOfZ','0',80,2837);
insert into "material_config"("material_id","config_key","config_value","sort","id") values(49,'GraspOffsetOfZ','0',90,2838);
insert into "material_config"("material_id","config_key","config_value","sort","id") values(49,'GraspOffsetOfG','0',100,2839);
insert into "material_config"("material_id","config_key","config_value","sort","id") values(49,'GraspOffsetOfEpson','62',110,2840);
insert into "material_config"("material_id","config_key","config_value","sort","id") values(55,'Length','127.8',10,2841);
insert into "material_config"("material_id","config_key","config_value","sort","id") values(55,'Width','85.6',20,2842);
insert into "material_config"("material_id","config_key","config_value","sort","id") values(55,'Height','104.5',30,2843);
insert into "material_config"("material_id","config_key","config_value","sort","id") values(55,'RowCounts','8',40,2844);
insert into "material_config"("material_id","config_key","config_value","sort","id") values(55,'ColCounts','12',50,2845);
insert into "material_config"("material_id","config_key","config_value","sort","id") values(55,'RowSpace','9',60,2846);
insert into "material_config"("material_id","config_key","config_value","sort","id") values(55,'ColSpace','9',70,2847);
insert into "material_config"("material_id","config_key","config_value","sort","id") values(55,'ConsBottomOfZ','0',80,2848);
insert into "material_config"("material_id","config_key","config_value","sort","id") values(55,'GraspOffsetOfZ','0',90,2849);
insert into "material_config"("material_id","config_key","config_value","sort","id") values(55,'GraspOffsetOfG','0',100,2850);
insert into "material_config"("material_id","config_key","config_value","sort","id") values(55,'GraspOffsetOfEpson','62',110,2851);
insert into "material_config"("material_id","config_key","config_value","sort","id") values(52,'Length','127.8',10,2852);
insert into "material_config"("material_id","config_key","config_value","sort","id") values(52,'Width','85.6',20,2853);
insert into "material_config"("material_id","config_key","config_value","sort","id") values(52,'Height','104.5',30,2854);
insert into "material_config"("material_id","config_key","config_value","sort","id") values(52,'RowCounts','8',40,2855);
insert into "material_config"("material_id","config_key","config_value","sort","id") values(52,'ColCounts','12',50,2856);
insert into "material_config"("material_id","config_key","config_value","sort","id") values(52,'RowSpace','9',60,2857);
insert into "material_config"("material_id","config_key","config_value","sort","id") values(52,'ColSpace','9',70,2858);
insert into "material_config"("material_id","config_key","config_value","sort","id") values(52,'ConsBottomOfZ','0',80,2859);
insert into "material_config"("material_id","config_key","config_value","sort","id") values(52,'GraspOffsetOfZ','0',90,2860);
insert into "material_config"("material_id","config_key","config_value","sort","id") values(52,'GraspOffsetOfG','0',100,2861);
insert into "material_config"("material_id","config_key","config_value","sort","id") values(52,'GraspOffsetOfEpson','62',110,2862);
insert into "material_config"("material_id","config_key","config_value","sort","id") values(56,'Length','123',10,2975);
insert into "material_config"("material_id","config_key","config_value","sort","id") values(56,'Width','80.8',20,2976);
insert into "material_config"("material_id","config_key","config_value","sort","id") values(56,'Height','32',30,2977);
insert into "material_config"("material_id","config_key","config_value","sort","id") values(56,'RowCounts','8',40,2978);
insert into "material_config"("material_id","config_key","config_value","sort","id") values(56,'ColCounts','12',50,2979);
insert into "material_config"("material_id","config_key","config_value","sort","id") values(56,'RowSpace','9',60,2980);
insert into "material_config"("material_id","config_key","config_value","sort","id") values(56,'ColSpace','9',70,2981);
insert into "material_config"("material_id","config_key","config_value","sort","id") values(56,'ConsBottomOfZ','2.7',80,2982);
insert into "material_config"("material_id","config_key","config_value","sort","id") values(56,'GraspOffsetOfZ','14',90,2983);
insert into "material_config"("material_id","config_key","config_value","sort","id") values(56,'GraspOffsetOfG','1.1',100,2984);
insert into "material_config"("material_id","config_key","config_value","sort","id") values(56,'GraspOffsetOfEpson','3',110,2985);
insert into "material_config"("material_id","config_key","config_value","sort","id") values(56,'FilmType','非穿刺膜',120,2986);
insert into "material_config"("material_id","config_key","config_value","sort","id") values(56,'PlateLocTemp','175',130,2987);
insert into "material_config"("material_id","config_key","config_value","sort","id") values(56,'PlateLocDuration','2',140,2988);
insert into "material_config"("material_id","config_key","config_value","sort","id") values(56,'AdhereTime','1',150,2989);
insert into "material_config"("material_id","config_key","config_value","sort","id") values(56,'LocationSpeed','1',160,2990);
insert into "material_config"("material_id","config_key","config_value","sort","id") values(82,'Length','124.5',10,3069);
insert into "material_config"("material_id","config_key","config_value","sort","id") values(82,'Width','81.2',20,3070);
insert into "material_config"("material_id","config_key","config_value","sort","id") values(82,'Height','14.3',30,3071);
insert into "material_config"("material_id","config_key","config_value","sort","id") values(82,'Weight','63',40,3072);
insert into "material_config"("material_id","config_key","config_value","sort","id") values(82,'GraspOffsetOfEpson','2',50,3073);
insert into "material_config"("material_id","config_key","config_value","sort","id") values(82,'Row','1',60,3074);
insert into "material_config"("material_id","config_key","config_value","sort","id") values(82,'Column','1',70,3075);
insert into "material_config"("material_id","config_key","config_value","sort","id") values(83,'Length','123',10,3076);
insert into "material_config"("material_id","config_key","config_value","sort","id") values(83,'Width','82.2',20,3077);
insert into "material_config"("material_id","config_key","config_value","sort","id") values(83,'Height','16',30,3078);
insert into "material_config"("material_id","config_key","config_value","sort","id") values(83,'Weight','40',40,3079);
insert into "material_config"("material_id","config_key","config_value","sort","id") values(83,'GraspOffsetOfEpson','0',50,3080);
insert into "material_config"("material_id","config_key","config_value","sort","id") values(83,'Row','3',60,3081);
insert into "material_config"("material_id","config_key","config_value","sort","id") values(83,'Column','1',70,3082);
insert into "material_config"("material_id","config_key","config_value","sort","id") values(84,'Length','123',10,3083);
insert into "material_config"("material_id","config_key","config_value","sort","id") values(84,'Width','80.8',20,3084);
insert into "material_config"("material_id","config_key","config_value","sort","id") values(84,'Height','32',30,3085);
insert into "material_config"("material_id","config_key","config_value","sort","id") values(84,'Weight','80',40,3086);
insert into "material_config"("material_id","config_key","config_value","sort","id") values(84,'GraspOffsetOfEpson','3',50,3087);
insert into "material_config"("material_id","config_key","config_value","sort","id") values(84,'Row','5',60,3088);
insert into "material_config"("material_id","config_key","config_value","sort","id") values(84,'Column','1',70,3089);
insert into "material_config"("material_id","config_key","config_value","sort","id") values(37,'Length','124.5',10,3129);
insert into "material_config"("material_id","config_key","config_value","sort","id") values(37,'Width','81.2',20,3130);
insert into "material_config"("material_id","config_key","config_value","sort","id") values(37,'Height','14.3',30,3131);
insert into "material_config"("material_id","config_key","config_value","sort","id") values(37,'RowCounts','8',40,3132);
insert into "material_config"("material_id","config_key","config_value","sort","id") values(37,'ColCounts','12',50,3133);
insert into "material_config"("material_id","config_key","config_value","sort","id") values(37,'RowSpace','9',60,3134);
insert into "material_config"("material_id","config_key","config_value","sort","id") values(37,'ColSpace','9',70,3135);
insert into "material_config"("material_id","config_key","config_value","sort","id") values(37,'ConsBottomOfZ','3',80,3136);
insert into "material_config"("material_id","config_key","config_value","sort","id") values(37,'GraspOffsetOfZ','0',90,3137);
insert into "material_config"("material_id","config_key","config_value","sort","id") values(37,'GraspOffsetOfG','0',100,3138);
insert into "material_config"("material_id","config_key","config_value","sort","id") values(37,'GraspOffsetOfEpson','2',110,3139);
insert into "material_config"("material_id","config_key","config_value","sort","id") values(37,'FilmType','',120,3140);
insert into "material_config"("material_id","config_key","config_value","sort","id") values(37,'PlateLocTemp','0',130,3141);
insert into "material_config"("material_id","config_key","config_value","sort","id") values(37,'PlateLocDuration','0',140,3142);
insert into "material_config"("material_id","config_key","config_value","sort","id") values(37,'AdhereTime','0',150,3143);
insert into "material_config"("material_id","config_key","config_value","sort","id") values(37,'LocationSpeed','0',160,3144);
insert into "material_config"("material_id","config_key","config_value","sort","id") values(97,'Storage','0',NULL,3145);
insert into "material_config"("material_id","config_key","config_value","sort","id") values(97,'CentriVel','0',NULL,3146);
insert into "material_config"("material_id","config_key","config_value","sort","id") values(97,'CentriAccel','0',NULL,3147);
insert into "material_config"("material_id","config_key","config_value","sort","id") values(97,'CentriDecel','0',NULL,3148);
insert into "material_config"("material_id","config_key","config_value","sort","id") values(97,'CentriDuration','0',NULL,3149);
insert into "material_config"("material_id","config_key","config_value","sort","id") values(97,'BalancedPlatePN',NULL,NULL,3150);
insert into "material_config"("material_id","config_key","config_value","sort","id") values(98,'Storage','0',NULL,3151);
insert into "material_config"("material_id","config_key","config_value","sort","id") values(98,'CentriVel','0',NULL,3152);
insert into "material_config"("material_id","config_key","config_value","sort","id") values(98,'CentriAccel','0',NULL,3153);
insert into "material_config"("material_id","config_key","config_value","sort","id") values(98,'CentriDecel','0',NULL,3154);
insert into "material_config"("material_id","config_key","config_value","sort","id") values(98,'CentriDuration','0',NULL,3155);
insert into "material_config"("material_id","config_key","config_value","sort","id") values(98,'BalancedPlatePN',NULL,NULL,3156);
insert into "material_config"("material_id","config_key","config_value","sort","id") values(99,'Storage','0',NULL,3157);
insert into "material_config"("material_id","config_key","config_value","sort","id") values(99,'CentriVel','0',NULL,3158);
insert into "material_config"("material_id","config_key","config_value","sort","id") values(99,'CentriAccel','0',NULL,3159);
insert into "material_config"("material_id","config_key","config_value","sort","id") values(99,'CentriDecel','0',NULL,3160);
insert into "material_config"("material_id","config_key","config_value","sort","id") values(99,'CentriDuration','0',NULL,3161);
insert into "material_config"("material_id","config_key","config_value","sort","id") values(99,'BalancedPlatePN',NULL,NULL,3162);
insert into "material_config"("material_id","config_key","config_value","sort","id") values(100,'Storage','0',NULL,3163);
insert into "material_config"("material_id","config_key","config_value","sort","id") values(100,'CentriVel','0',NULL,3164);
insert into "material_config"("material_id","config_key","config_value","sort","id") values(100,'CentriAccel','0',NULL,3165);
insert into "material_config"("material_id","config_key","config_value","sort","id") values(100,'CentriDecel','0',NULL,3166);
insert into "material_config"("material_id","config_key","config_value","sort","id") values(100,'CentriDuration','0',NULL,3167);
insert into "material_config"("material_id","config_key","config_value","sort","id") values(100,'BalancedPlatePN',NULL,NULL,3168);
insert into "material_config"("material_id","config_key","config_value","sort","id") values(101,'Storage','0',NULL,3169);
insert into "material_config"("material_id","config_key","config_value","sort","id") values(101,'CentriVel','0',NULL,3170);
insert into "material_config"("material_id","config_key","config_value","sort","id") values(101,'CentriAccel','0',NULL,3171);
insert into "material_config"("material_id","config_key","config_value","sort","id") values(101,'CentriDecel','0',NULL,3172);
insert into "material_config"("material_id","config_key","config_value","sort","id") values(101,'CentriDuration','0',NULL,3173);
insert into "material_config"("material_id","config_key","config_value","sort","id") values(101,'BalancedPlatePN',NULL,NULL,3174);
insert into "material_config"("material_id","config_key","config_value","sort","id") values(102,'Storage','0',NULL,3175);
insert into "material_config"("material_id","config_key","config_value","sort","id") values(102,'CentriVel','0',NULL,3176);
insert into "material_config"("material_id","config_key","config_value","sort","id") values(102,'CentriAccel','0',NULL,3177);
insert into "material_config"("material_id","config_key","config_value","sort","id") values(102,'CentriDecel','0',NULL,3178);
insert into "material_config"("material_id","config_key","config_value","sort","id") values(102,'CentriDuration','0',NULL,3179);
insert into "material_config"("material_id","config_key","config_value","sort","id") values(102,'BalancedPlatePN',NULL,NULL,3180);
insert into "material_config"("material_id","config_key","config_value","sort","id") values(103,'Storage','0',NULL,3181);
insert into "material_config"("material_id","config_key","config_value","sort","id") values(103,'CentriVel','0',NULL,3182);
insert into "material_config"("material_id","config_key","config_value","sort","id") values(103,'CentriAccel','0',NULL,3183);
insert into "material_config"("material_id","config_key","config_value","sort","id") values(103,'CentriDecel','0',NULL,3184);
insert into "material_config"("material_id","config_key","config_value","sort","id") values(103,'CentriDuration','0',NULL,3185);
insert into "material_config"("material_id","config_key","config_value","sort","id") values(103,'BalancedPlatePN',NULL,NULL,3186);
insert into "material_config"("material_id","config_key","config_value","sort","id") values(104,'Storage','0',NULL,3187);
insert into "material_config"("material_id","config_key","config_value","sort","id") values(104,'CentriVel','0',NULL,3188);
insert into "material_config"("material_id","config_key","config_value","sort","id") values(104,'CentriAccel','0',NULL,3189);
insert into "material_config"("material_id","config_key","config_value","sort","id") values(104,'CentriDecel','0',NULL,3190);
insert into "material_config"("material_id","config_key","config_value","sort","id") values(104,'CentriDuration','0',NULL,3191);
insert into "material_config"("material_id","config_key","config_value","sort","id") values(104,'BalancedPlatePN',NULL,NULL,3192);
insert into "material_config"("material_id","config_key","config_value","sort","id") values(105,'Storage','0',NULL,3193);
insert into "material_config"("material_id","config_key","config_value","sort","id") values(105,'CentriVel','0',NULL,3194);
insert into "material_config"("material_id","config_key","config_value","sort","id") values(105,'CentriAccel','0',NULL,3195);
insert into "material_config"("material_id","config_key","config_value","sort","id") values(105,'CentriDecel','0',NULL,3196);
insert into "material_config"("material_id","config_key","config_value","sort","id") values(105,'CentriDuration','0',NULL,3197);
insert into "material_config"("material_id","config_key","config_value","sort","id") values(105,'BalancedPlatePN',NULL,NULL,3198);
insert into "material_config"("material_id","config_key","config_value","sort","id") values(106,'Storage','0',NULL,3199);
insert into "material_config"("material_id","config_key","config_value","sort","id") values(106,'CentriVel','0',NULL,3200);
insert into "material_config"("material_id","config_key","config_value","sort","id") values(106,'CentriAccel','0',NULL,3201);
insert into "material_config"("material_id","config_key","config_value","sort","id") values(106,'CentriDecel','0',NULL,3202);
insert into "material_config"("material_id","config_key","config_value","sort","id") values(106,'CentriDuration','0',NULL,3203);
insert into "material_config"("material_id","config_key","config_value","sort","id") values(106,'BalancedPlatePN',NULL,NULL,3204);
insert into "material_config"("material_id","config_key","config_value","sort","id") values(107,'Storage','0',10,3211);
insert into "material_config"("material_id","config_key","config_value","sort","id") values(107,'CentriVel','0',20,3212);
insert into "material_config"("material_id","config_key","config_value","sort","id") values(107,'CentriAccel','0',30,3213);
insert into "material_config"("material_id","config_key","config_value","sort","id") values(107,'CentriDecel','0',40,3214);
insert into "material_config"("material_id","config_key","config_value","sort","id") values(107,'CentriDuration','0',50,3215);
insert into "material_config"("material_id","config_key","config_value","sort","id") values(107,'BalancedPlatePN',NULL,60,3216);
insert into "material_config"("material_id","config_key","config_value","sort","id") values(108,'Storage','0',NULL,3217);
insert into "material_config"("material_id","config_key","config_value","sort","id") values(108,'CentriVel','0',NULL,3218);
insert into "material_config"("material_id","config_key","config_value","sort","id") values(108,'CentriAccel','0',NULL,3219);
insert into "material_config"("material_id","config_key","config_value","sort","id") values(108,'CentriDecel','0',NULL,3220);
insert into "material_config"("material_id","config_key","config_value","sort","id") values(108,'CentriDuration','0',NULL,3221);
insert into "material_config"("material_id","config_key","config_value","sort","id") values(108,'BalancedPlatePN',NULL,NULL,3222);
insert into "material_config"("material_id","config_key","config_value","sort","id") values(109,'Storage','0',NULL,3223);
insert into "material_config"("material_id","config_key","config_value","sort","id") values(109,'CentriVel','0',NULL,3224);
insert into "material_config"("material_id","config_key","config_value","sort","id") values(109,'CentriAccel','0',NULL,3225);
insert into "material_config"("material_id","config_key","config_value","sort","id") values(109,'CentriDecel','0',NULL,3226);
insert into "material_config"("material_id","config_key","config_value","sort","id") values(109,'CentriDuration','0',NULL,3227);
insert into "material_config"("material_id","config_key","config_value","sort","id") values(109,'BalancedPlatePN',NULL,NULL,3228);
insert into "material_config"("material_id","config_key","config_value","sort","id") values(110,'Storage','0',NULL,3229);
insert into "material_config"("material_id","config_key","config_value","sort","id") values(110,'CentriVel','0',NULL,3230);
insert into "material_config"("material_id","config_key","config_value","sort","id") values(110,'CentriAccel','0',NULL,3231);
insert into "material_config"("material_id","config_key","config_value","sort","id") values(110,'CentriDecel','0',NULL,3232);
insert into "material_config"("material_id","config_key","config_value","sort","id") values(110,'CentriDuration','0',NULL,3233);
insert into "material_config"("material_id","config_key","config_value","sort","id") values(110,'BalancedPlatePN',NULL,NULL,3234);
insert into "material_config"("material_id","config_key","config_value","sort","id") values(111,'Storage','0',NULL,3235);
insert into "material_config"("material_id","config_key","config_value","sort","id") values(111,'CentriVel','0',NULL,3236);
insert into "material_config"("material_id","config_key","config_value","sort","id") values(111,'CentriAccel','0',NULL,3237);
insert into "material_config"("material_id","config_key","config_value","sort","id") values(111,'CentriDecel','0',NULL,3238);
insert into "material_config"("material_id","config_key","config_value","sort","id") values(111,'CentriDuration','0',NULL,3239);
insert into "material_config"("material_id","config_key","config_value","sort","id") values(111,'BalancedPlatePN',NULL,NULL,3240);
insert into "material_config"("material_id","config_key","config_value","sort","id") values(112,'Storage','0',NULL,3241);
insert into "material_config"("material_id","config_key","config_value","sort","id") values(112,'CentriVel','0',NULL,3242);
insert into "material_config"("material_id","config_key","config_value","sort","id") values(112,'CentriAccel','0',NULL,3243);
insert into "material_config"("material_id","config_key","config_value","sort","id") values(112,'CentriDecel','0',NULL,3244);
insert into "material_config"("material_id","config_key","config_value","sort","id") values(112,'CentriDuration','0',NULL,3245);
insert into "material_config"("material_id","config_key","config_value","sort","id") values(112,'BalancedPlatePN',NULL,NULL,3246);
insert into "material_config"("material_id","config_key","config_value","sort","id") values(95,'Property',NULL,10,3275);
insert into "material_config"("material_id","config_key","config_value","sort","id") values(95,'Storage','0',20,3276);
insert into "material_config"("material_id","config_key","config_value","sort","id") values(95,'CentriVel','0',30,3277);
insert into "material_config"("material_id","config_key","config_value","sort","id") values(95,'CentriAccel','0',40,3278);
insert into "material_config"("material_id","config_key","config_value","sort","id") values(95,'CentriDecel','0',50,3279);
insert into "material_config"("material_id","config_key","config_value","sort","id") values(95,'CentriDuration','0',60,3280);
insert into "material_config"("material_id","config_key","config_value","sort","id") values(95,'BalancedPlatePN',NULL,70,3281);
insert into "material_config"("material_id","config_key","config_value","sort","id") values(113,'Property',NULL,NULL,3282);
insert into "material_config"("material_id","config_key","config_value","sort","id") values(113,'Storage','0',NULL,3283);
insert into "material_config"("material_id","config_key","config_value","sort","id") values(113,'CentriVel','0',NULL,3284);
insert into "material_config"("material_id","config_key","config_value","sort","id") values(113,'CentriAccel','0',NULL,3285);
insert into "material_config"("material_id","config_key","config_value","sort","id") values(113,'CentriDecel','0',NULL,3286);
insert into "material_config"("material_id","config_key","config_value","sort","id") values(113,'CentriDuration','0',NULL,3287);
insert into "material_config"("material_id","config_key","config_value","sort","id") values(113,'BalancedPlatePN',NULL,NULL,3288);
insert into "material_config"("material_id","config_key","config_value","sort","id") values(115,'Property',NULL,10,3303);
insert into "material_config"("material_id","config_key","config_value","sort","id") values(115,'Storage','0',20,3304);
insert into "material_config"("material_id","config_key","config_value","sort","id") values(115,'CentriVel','0',30,3305);
insert into "material_config"("material_id","config_key","config_value","sort","id") values(115,'CentriAccel','0',40,3306);
insert into "material_config"("material_id","config_key","config_value","sort","id") values(115,'CentriDecel','0',50,3307);
insert into "material_config"("material_id","config_key","config_value","sort","id") values(115,'CentriDuration','0',60,3308);
insert into "material_config"("material_id","config_key","config_value","sort","id") values(115,'BalancedPlatePN',NULL,70,3309);
insert into "material_config"("material_id","config_key","config_value","sort","id") values(116,'Property',NULL,NULL,3310);
insert into "material_config"("material_id","config_key","config_value","sort","id") values(116,'Storage','0',NULL,3311);
insert into "material_config"("material_id","config_key","config_value","sort","id") values(116,'CentriVel','0',NULL,3312);
insert into "material_config"("material_id","config_key","config_value","sort","id") values(116,'CentriAccel','0',NULL,3313);
insert into "material_config"("material_id","config_key","config_value","sort","id") values(116,'CentriDecel','0',NULL,3314);
insert into "material_config"("material_id","config_key","config_value","sort","id") values(116,'CentriDuration','0',NULL,3315);
insert into "material_config"("material_id","config_key","config_value","sort","id") values(116,'BalancedPlatePN',NULL,NULL,3316);
insert into "material_config"("material_id","config_key","config_value","sort","id") values(96,'Length','124.5',10,3317);
insert into "material_config"("material_id","config_key","config_value","sort","id") values(96,'Width','81.2',20,3318);
insert into "material_config"("material_id","config_key","config_value","sort","id") values(96,'Height','14.3',30,3319);
insert into "material_config"("material_id","config_key","config_value","sort","id") values(96,'RowCounts','8',40,3320);
insert into "material_config"("material_id","config_key","config_value","sort","id") values(96,'ColCounts','12',50,3321);
insert into "material_config"("material_id","config_key","config_value","sort","id") values(96,'RowSpace','9',60,3322);
insert into "material_config"("material_id","config_key","config_value","sort","id") values(96,'ColSpace','9',70,3323);
insert into "material_config"("material_id","config_key","config_value","sort","id") values(96,'ConsBottomOfZ','3',80,3324);
insert into "material_config"("material_id","config_key","config_value","sort","id") values(96,'GraspOffsetOfZ','0',90,3325);
insert into "material_config"("material_id","config_key","config_value","sort","id") values(96,'GraspOffsetOfG','0',100,3326);
insert into "material_config"("material_id","config_key","config_value","sort","id") values(96,'GraspOffsetOfEpson','2',110,3327);
insert into "material_config"("material_id","config_key","config_value","sort","id") values(96,'FilmType',NULL,120,3328);
insert into "material_config"("material_id","config_key","config_value","sort","id") values(96,'PlateLocTemp','0',130,3329);
insert into "material_config"("material_id","config_key","config_value","sort","id") values(96,'PlateLocDuration','0',140,3330);
insert into "material_config"("material_id","config_key","config_value","sort","id") values(96,'AdhereTime','0',150,3331);
insert into "material_config"("material_id","config_key","config_value","sort","id") values(96,'LocationSpeed','0',160,3332);
-------------------records of material_config end---------------------

-------------------records of material_serial_no begin---------------------
insert into "material_serial_no"("brand_code","type_code","serial_no","id") values('BR','MW',2,4);
insert into "material_serial_no"("brand_code","type_code","serial_no","id") values('GE','TP',3,5);
insert into "material_serial_no"("brand_code","type_code","serial_no","id") values('BG','BD',6,6);
insert into "material_serial_no"("brand_code","type_code","serial_no","id") values('BG','TE',4,7);
insert into "material_serial_no"("brand_code","type_code","serial_no","id") values('BG','ET',2,8);
insert into "material_serial_no"("brand_code","type_code","serial_no","id") values('BG','LE',2,9);
insert into "material_serial_no"("brand_code","type_code","serial_no","id") values('BG','W1',2,10);
insert into "material_serial_no"("brand_code","type_code","serial_no","id") values('BG','W2',2,11);
insert into "material_serial_no"("brand_code","type_code","serial_no","id") values('BG','BF',4,13);
insert into "material_serial_no"("brand_code","type_code","serial_no","id") values('BG','EZ',3,14);
insert into "material_serial_no"("brand_code","type_code","serial_no","id") values('BG','PM',2,15);
insert into "material_serial_no"("brand_code","type_code","serial_no","id") values('BG','BC',2,16);
insert into "material_serial_no"("brand_code","type_code","serial_no","id") values('ED','UV',2,17);
insert into "material_serial_no"("brand_code","type_code","serial_no","id") values('GE','TF',3,20);
insert into "material_serial_no"("brand_code","type_code","serial_no","id") values('MG','PL',2,21);
insert into "material_serial_no"("brand_code","type_code","serial_no","id") values('MG','PH',2,22);
insert into "material_serial_no"("brand_code","type_code","serial_no","id") values('CR','TP',4,18);
insert into "material_serial_no"("brand_code","type_code","serial_no","id") values('CR','TF',4,23);
insert into "material_serial_no"("brand_code","type_code","serial_no","id") values('CR','AP',4,19);
insert into "material_serial_no"("brand_code","type_code","serial_no","id") values('CR','AF',4,24);
insert into "material_serial_no"("brand_code","type_code","serial_no","id") values('DN','DW',2,3);
insert into "material_serial_no"("brand_code","type_code","serial_no","id") values('MG','AL',2,25);
insert into "material_serial_no"("brand_code","type_code","serial_no","id") values('MG','06',2,26);
insert into "material_serial_no"("brand_code","type_code","serial_no","id") values('MG','01',8,27);
insert into "material_serial_no"("brand_code","type_code","serial_no","id") values('MS','MW',2,28);
insert into "material_serial_no"("brand_code","type_code","serial_no","id") values('GB','TE',2,29);
insert into "material_serial_no"("brand_code","type_code","serial_no","id") values('GB','BF',6,30);
insert into "material_serial_no"("brand_code","type_code","serial_no","id") values('GB','ET',2,31);
insert into "material_serial_no"("brand_code","type_code","serial_no","id") values('GB','BD',6,32);
insert into "material_serial_no"("brand_code","type_code","serial_no","id") values('GB','EZ',5,33);
insert into "material_serial_no"("brand_code","type_code","serial_no","id") values('GB','BC',2,34);
insert into "material_serial_no"("brand_code","type_code","serial_no","id") values('GB','MX',2,36);
insert into "material_serial_no"("brand_code","type_code","serial_no","id") values('GB','WT',2,37);
insert into "material_serial_no"("brand_code","type_code","serial_no","id") values('GB','PM',3,35);
insert into "material_serial_no"("brand_code","type_code","serial_no","id") values('TM','RK',3,38);
insert into "material_serial_no"("brand_code","type_code","serial_no","id") values('MG','RK',8,2);
insert into "material_serial_no"("brand_code","type_code","serial_no","id") values('MG','BP',4,39);
insert into "material_serial_no"("brand_code","type_code","serial_no","id") values('BG','MX',7,12);
insert into "material_serial_no"("brand_code","type_code","serial_no","id") values('GB','RS',9,40);
insert into "material_serial_no"("brand_code","type_code","serial_no","id") values('GN','UV',2,41);
insert into "material_serial_no"("brand_code","type_code","serial_no","id") values('WF','BD',4,42);
insert into "material_serial_no"("brand_code","type_code","serial_no","id") values('WF','LR',4,43);
insert into "material_serial_no"("brand_code","type_code","serial_no","id") values('WF','TE',4,44);
insert into "material_serial_no"("brand_code","type_code","serial_no","id") values('WF','ET',2,45);
insert into "material_serial_no"("brand_code","type_code","serial_no","id") values('WF','BC',3,46);
insert into "material_serial_no"("brand_code","type_code","serial_no","id") values('WF','DS',2,47);
insert into "material_serial_no"("brand_code","type_code","serial_no","id") values('WF','EZ',2,49);
insert into "material_serial_no"("brand_code","type_code","serial_no","id") values('WF','BF',3,48);
insert into "material_serial_no"("brand_code","type_code","serial_no","id") values('WF','SS',3,50);
insert into "material_serial_no"("brand_code","type_code","serial_no","id") values('WF','NS',2,51);
insert into "material_serial_no"("brand_code","type_code","serial_no","id") values('WF','DB',2,52);
-------------------records of material_serial_no end---------------------

-------------------records of material_type begin---------------------
insert into "material_type"("code","name","en_name","desc","category_id","category_name","create_time","create_user_id","create_user_name","modify_time","modify_user_id","modify_user_name","id") values('UV','酶标板',NULL,NULL,3,'耗材','2019-07-06 21:16:59.698071',NULL,'admin','2019-07-06 21:16:59.698072',NULL,'admin',5);
insert into "material_type"("code","name","en_name","desc","category_id","category_name","create_time","create_user_id","create_user_name","modify_time","modify_user_id","modify_user_name","id") values('LE','裂解液',NULL,NULL,5,'试剂','2019-07-06 21:21:26.570099',NULL,'admin','2019-07-06 21:21:26.570100',NULL,'admin',16);
insert into "material_type"("code","name","en_name","desc","category_id","category_name","create_time","create_user_id","create_user_name","modify_time","modify_user_id","modify_user_name","id") values('DW','深孔板',NULL,'DeepwellPlate',3,'耗材','2019-07-06 21:08:28.321191',NULL,'admin','2019-07-06 21:25:52.151115',NULL,'admin',3);
insert into "material_type"("code","name","en_name","desc","category_id","category_name","create_time","create_user_id","create_user_name","modify_time","modify_user_id","modify_user_name","id") values('MW','PCR板',NULL,'MicrowellPlate',3,'耗材','2019-07-06 21:08:57.196088',NULL,'admin','2019-07-06 21:25:59.156880',NULL,'admin',4);
insert into "material_type"("code","name","en_name","desc","category_id","category_name","create_time","create_user_id","create_user_name","modify_time","modify_user_id","modify_user_name","id") values('BF','缓冲液',NULL,'Buffer',5,'试剂','2019-07-06 21:19:21.695924',NULL,'admin','2019-07-06 21:26:37.578133',NULL,'admin',7);
insert into "material_type"("code","name","en_name","desc","category_id","category_name","create_time","create_user_id","create_user_name","modify_time","modify_user_id","modify_user_name","id") values('SD','标准品',NULL,'Standard',5,'试剂','2019-07-06 21:19:39.462610',NULL,'admin','2019-07-06 21:26:43.828868',NULL,'admin',8);
insert into "material_type"("code","name","en_name","desc","category_id","category_name","create_time","create_user_id","create_user_name","modify_time","modify_user_id","modify_user_name","id") values('ET','乙醇',NULL,'Ethonal',5,'试剂','2019-07-06 21:19:53.392019',NULL,'admin','2019-07-06 21:26:50.228826',NULL,'admin',9);
insert into "material_type"("code","name","en_name","desc","category_id","category_name","create_time","create_user_id","create_user_name","modify_time","modify_user_id","modify_user_name","id") values('BD','磁珠',NULL,'Beads',5,'试剂','2019-07-06 21:20:04.676472',NULL,'admin','2019-07-06 21:26:55.980255',NULL,'admin',10);
insert into "material_type"("code","name","en_name","desc","category_id","category_name","create_time","create_user_id","create_user_name","modify_time","modify_user_id","modify_user_name","id") values('EZ','酶',NULL,'Enzyme',5,'试剂','2019-07-06 21:20:21.511614',NULL,'admin','2019-07-06 21:27:00.452171',NULL,'admin',11);
insert into "material_type"("code","name","en_name","desc","category_id","category_name","create_time","create_user_id","create_user_name","modify_time","modify_user_id","modify_user_name","id") values('MX','混合液',NULL,'Mix',5,'试剂','2019-07-06 21:20:33.720128',NULL,'admin','2019-07-06 21:27:05.373573',NULL,'admin',12);
insert into "material_type"("code","name","en_name","desc","category_id","category_name","create_time","create_user_id","create_user_name","modify_time","modify_user_id","modify_user_name","id") values('PM','引物',NULL,'Primer',5,'试剂','2019-07-06 21:20:46.488353',NULL,'admin','2019-07-06 21:27:15.919066',NULL,'admin',13);
insert into "material_type"("code","name","en_name","desc","category_id","category_name","create_time","create_user_id","create_user_name","modify_time","modify_user_id","modify_user_name","id") values('WT','水',NULL,'Water',5,'试剂','2019-07-06 21:21:06.608917',NULL,'admin','2019-07-06 21:27:20.982391',NULL,'admin',14);
insert into "material_type"("code","name","en_name","desc","category_id","category_name","create_time","create_user_id","create_user_name","modify_time","modify_user_id","modify_user_name","id") values('BC','接头',NULL,'BarcodeAdaptor',5,'试剂','2019-07-06 21:21:16.344378',NULL,'admin','2019-07-06 21:27:26.116757',NULL,'admin',15);
insert into "material_type"("code","name","en_name","desc","category_id","category_name","create_time","create_user_id","create_user_name","modify_time","modify_user_id","modify_user_name","id") values('W2','清洗液2',NULL,'Wash2',5,'试剂','2019-07-06 21:23:18.456460',NULL,'admin','2019-07-06 21:27:45.636399',NULL,'admin',18);
insert into "material_type"("code","name","en_name","desc","category_id","category_name","create_time","create_user_id","create_user_name","modify_time","modify_user_id","modify_user_name","id") values('TE','洗脱液',NULL,'Tris+EDTA',5,'试剂','2019-07-06 21:23:29.018283',NULL,'admin','2019-07-06 21:27:55.244905',NULL,'admin',19);
insert into "material_type"("code","name","en_name","desc","category_id","category_name","create_time","create_user_id","create_user_name","modify_time","modify_user_id","modify_user_name","id") values('SP','样本',NULL,'Sample',6,'样本','2019-07-06 21:23:48.887849',NULL,'admin','2019-07-06 21:28:00.047551',NULL,'admin',20);
insert into "material_type"("code","name","en_name","desc","category_id","category_name","create_time","create_user_id","create_user_name","modify_time","modify_user_id","modify_user_name","id") values('W1','清洗液1',NULL,'Wash1',5,'试剂','2019-07-06 21:23:06.184532',NULL,'admin','2019-07-24 12:24:15.501257',NULL,'admin',17);
insert into "material_type"("code","name","en_name","desc","category_id","category_name","create_time","create_user_id","create_user_name","modify_time","modify_user_id","modify_user_name","id") values('PL','PCR密封垫',NULL,'PCRLid',8,'PCR密封垫','2019-07-24 14:07:44.859665',NULL,'admin','2019-07-24 14:08:31.992725',NULL,'admin',22);
insert into "material_type"("code","name","en_name","desc","category_id","category_name","create_time","create_user_id","create_user_name","modify_time","modify_user_id","modify_user_name","id") values('PH','PCR密封垫支架',NULL,'PCRLidHolder',9,'PCR密封垫支架','2019-07-24 14:07:59.300047',NULL,'admin','2019-07-24 14:08:41.131846',NULL,'admin',23);
insert into "material_type"("code","name","en_name","desc","category_id","category_name","create_time","create_user_id","create_user_name","modify_time","modify_user_id","modify_user_name","id") values('TP','普通无滤芯吸头',NULL,'Tips',4,'吸头','2019-07-06 21:18:55.804093',NULL,'admin','2019-07-26 11:34:15.083281',NULL,'admin',6);
insert into "material_type"("code","name","en_name","desc","category_id","category_name","create_time","create_user_id","create_user_name","modify_time","modify_user_id","modify_user_name","id") values('TF','普通有滤芯吸头',NULL,'Tips',4,'吸头','2019-07-27 16:02:04.591902',NULL,'admin','2019-07-29 10:57:24.133547',NULL,'admin',24);
insert into "material_type"("code","name","en_name","desc","category_id","category_name","create_time","create_user_id","create_user_name","modify_time","modify_user_id","modify_user_name","id") values('AP','导电无滤芯吸头',NULL,'Tips',4,'吸头','2019-07-27 16:02:45.611414',NULL,'admin','2019-07-29 10:57:38.729187',NULL,'admin',25);
insert into "material_type"("code","name","en_name","desc","category_id","category_name","create_time","create_user_id","create_user_name","modify_time","modify_user_id","modify_user_name","id") values('AF','导电有滤芯吸头',NULL,'Tips',4,'吸头','2019-07-27 16:02:59.451926',NULL,'admin','2019-07-29 10:57:53.264948',NULL,'admin',26);
insert into "material_type"("code","name","en_name","desc","category_id","category_name","create_time","create_user_id","create_user_name","modify_time","modify_user_id","modify_user_name","id") values('RK','料架',NULL,'Rack',1,'料架','2019-07-06 21:07:00.042383',NULL,'admin','2019-09-06 16:28:15.041862',NULL,'admin',2);
insert into "material_type"("code","name","en_name","desc","category_id","category_name","create_time","create_user_id","create_user_name","modify_time","modify_user_id","modify_user_name","id") values('BP','配平板',NULL,'BalancedPlate',10,'配平板','2019-12-11 17:27:26.370791',NULL,'admin','2019-12-11 17:27:26.370794',NULL,'admin',27);
insert into "material_type"("code","name","en_name","desc","category_id","category_name","create_time","create_user_id","create_user_name","modify_time","modify_user_id","modify_user_name","id") values('RS','中间样本',NULL,'InterSample',7,'中间样本','2020-03-02 12:04:00.651350',NULL,'admin','2020-03-02 12:04:00.651491',NULL,'admin',28);
insert into "material_type"("code","name","en_name","desc","category_id","category_name","create_time","create_user_id","create_user_name","modify_time","modify_user_id","modify_user_name","id") values('LR','建库试剂',NULL,'Library Reagent',5,'试剂','2020-09-04 15:10:15.864059',NULL,'admin','2020-09-04 15:10:15.864062',NULL,'admin',29);
insert into "material_type"("code","name","en_name","desc","category_id","category_name","create_time","create_user_id","create_user_name","modify_time","modify_user_id","modify_user_name","id") values('DS','SDS',NULL,'SDS',5,'试剂','2020-09-04 15:12:51.294743',NULL,'admin','2020-09-04 15:12:51.294746',NULL,'admin',30);
insert into "material_type"("code","name","en_name","desc","category_id","category_name","create_time","create_user_id","create_user_name","modify_time","modify_user_id","modify_user_name","id") values('SS','sscir样本',NULL,NULL,7,'中间样本','2020-09-28 15:05:54.406723',NULL,'admin','2020-09-28 15:05:54.406728',NULL,'admin',31);
insert into "material_type"("code","name","en_name","desc","category_id","category_name","create_time","create_user_id","create_user_name","modify_time","modify_user_id","modify_user_name","id") values('DB','未pool的DNB样本',NULL,NULL,7,'中间样本','2020-09-28 15:07:46.916690',NULL,'admin','2020-09-28 15:07:46.916693',NULL,'admin',33);
insert into "material_type"("code","name","en_name","desc","category_id","category_name","create_time","create_user_id","create_user_name","modify_time","modify_user_id","modify_user_name","id") values('NS','Normalized SScir样本',NULL,NULL,7,'中间样本','2020-09-28 15:06:27.508188',NULL,'admin','2020-09-28 15:21:25.944094',NULL,'admin',32);
-------------------records of material_type end---------------------

-------------------records of material_type_config begin---------------------
insert into "material_type_config"("material_type_id","config_key","config_default_value","sort","id") values(3,'AdhereTime',NULL,150,11);
insert into "material_type_config"("material_type_id","config_key","config_default_value","sort","id") values(3,'Height',NULL,30,12);
insert into "material_type_config"("material_type_id","config_key","config_default_value","sort","id") values(3,'ConsBottomOfZ',NULL,80,13);
insert into "material_type_config"("material_type_id","config_key","config_default_value","sort","id") values(3,'Length',NULL,10,14);
insert into "material_type_config"("material_type_id","config_key","config_default_value","sort","id") values(3,'CentriDuration',NULL,180,15);
insert into "material_type_config"("material_type_id","config_key","config_default_value","sort","id") values(3,'CentriSpeed',NULL,170,16);
insert into "material_type_config"("material_type_id","config_key","config_default_value","sort","id") values(3,'RowCounts','8',40,17);
insert into "material_type_config"("material_type_id","config_key","config_default_value","sort","id") values(3,'ColCounts','12',50,18);
insert into "material_type_config"("material_type_id","config_key","config_default_value","sort","id") values(3,'RowSpace','9.0',60,19);
insert into "material_type_config"("material_type_id","config_key","config_default_value","sort","id") values(3,'ColSpace','9.0',70,20);
insert into "material_type_config"("material_type_id","config_key","config_default_value","sort","id") values(3,'GraspOffsetOfZ',NULL,90,21);
insert into "material_type_config"("material_type_id","config_key","config_default_value","sort","id") values(3,'GraspOffsetOfG',NULL,100,22);
insert into "material_type_config"("material_type_id","config_key","config_default_value","sort","id") values(3,'GraspOffsetOfEpson',NULL,110,23);
insert into "material_type_config"("material_type_id","config_key","config_default_value","sort","id") values(3,'FilmType',NULL,120,24);
insert into "material_type_config"("material_type_id","config_key","config_default_value","sort","id") values(3,'PlateLocTemp',NULL,130,25);
insert into "material_type_config"("material_type_id","config_key","config_default_value","sort","id") values(3,'PlateLocDuration',NULL,140,26);
insert into "material_type_config"("material_type_id","config_key","config_default_value","sort","id") values(3,'Width',NULL,20,27);
insert into "material_type_config"("material_type_id","config_key","config_default_value","sort","id") values(3,'LocationSpeed',NULL,160,28);
insert into "material_type_config"("material_type_id","config_key","config_default_value","sort","id") values(4,'AdhereTime',NULL,150,29);
insert into "material_type_config"("material_type_id","config_key","config_default_value","sort","id") values(4,'Height',NULL,30,30);
insert into "material_type_config"("material_type_id","config_key","config_default_value","sort","id") values(4,'ConsBottomOfZ',NULL,80,31);
insert into "material_type_config"("material_type_id","config_key","config_default_value","sort","id") values(4,'Length',NULL,10,32);
insert into "material_type_config"("material_type_id","config_key","config_default_value","sort","id") values(4,'CentriDuration',NULL,180,33);
insert into "material_type_config"("material_type_id","config_key","config_default_value","sort","id") values(4,'CentriSpeed',NULL,170,34);
insert into "material_type_config"("material_type_id","config_key","config_default_value","sort","id") values(4,'RowCounts','8',40,35);
insert into "material_type_config"("material_type_id","config_key","config_default_value","sort","id") values(4,'ColCounts','12',50,36);
insert into "material_type_config"("material_type_id","config_key","config_default_value","sort","id") values(4,'RowSpace','9.0',60,37);
insert into "material_type_config"("material_type_id","config_key","config_default_value","sort","id") values(4,'ColSpace','9.0',70,38);
insert into "material_type_config"("material_type_id","config_key","config_default_value","sort","id") values(4,'GraspOffsetOfZ',NULL,90,39);
insert into "material_type_config"("material_type_id","config_key","config_default_value","sort","id") values(4,'GraspOffsetOfG',NULL,100,40);
insert into "material_type_config"("material_type_id","config_key","config_default_value","sort","id") values(4,'GraspOffsetOfEpson',NULL,110,41);
insert into "material_type_config"("material_type_id","config_key","config_default_value","sort","id") values(4,'FilmType',NULL,120,42);
insert into "material_type_config"("material_type_id","config_key","config_default_value","sort","id") values(4,'PlateLocTemp',NULL,130,43);
insert into "material_type_config"("material_type_id","config_key","config_default_value","sort","id") values(4,'PlateLocDuration',NULL,140,44);
insert into "material_type_config"("material_type_id","config_key","config_default_value","sort","id") values(4,'Width',NULL,20,45);
insert into "material_type_config"("material_type_id","config_key","config_default_value","sort","id") values(4,'LocationSpeed',NULL,160,46);
insert into "material_type_config"("material_type_id","config_key","config_default_value","sort","id") values(7,'Storage',NULL,10,76);
insert into "material_type_config"("material_type_id","config_key","config_default_value","sort","id") values(8,'Storage',NULL,10,77);
insert into "material_type_config"("material_type_id","config_key","config_default_value","sort","id") values(9,'Storage',NULL,10,78);
insert into "material_type_config"("material_type_id","config_key","config_default_value","sort","id") values(10,'Storage',NULL,10,79);
insert into "material_type_config"("material_type_id","config_key","config_default_value","sort","id") values(11,'Storage',NULL,10,80);
insert into "material_type_config"("material_type_id","config_key","config_default_value","sort","id") values(12,'Storage',NULL,10,81);
insert into "material_type_config"("material_type_id","config_key","config_default_value","sort","id") values(13,'Storage',NULL,10,82);
insert into "material_type_config"("material_type_id","config_key","config_default_value","sort","id") values(14,'Storage',NULL,10,83);
insert into "material_type_config"("material_type_id","config_key","config_default_value","sort","id") values(15,'Storage',NULL,10,84);
insert into "material_type_config"("material_type_id","config_key","config_default_value","sort","id") values(16,'Storage',NULL,10,85);
insert into "material_type_config"("material_type_id","config_key","config_default_value","sort","id") values(6,'Length',NULL,NULL,203);
insert into "material_type_config"("material_type_id","config_key","config_default_value","sort","id") values(18,'Storage',NULL,10,87);
insert into "material_type_config"("material_type_id","config_key","config_default_value","sort","id") values(6,'Width',NULL,NULL,204);
insert into "material_type_config"("material_type_id","config_key","config_default_value","sort","id") values(6,'Height',NULL,NULL,205);
insert into "material_type_config"("material_type_id","config_key","config_default_value","sort","id") values(6,'RowCounts','8',NULL,206);
insert into "material_type_config"("material_type_id","config_key","config_default_value","sort","id") values(6,'ColCounts','12',NULL,207);
insert into "material_type_config"("material_type_id","config_key","config_default_value","sort","id") values(6,'RowSpace','9.0',NULL,208);
insert into "material_type_config"("material_type_id","config_key","config_default_value","sort","id") values(6,'ColSpace','9.0',NULL,209);
insert into "material_type_config"("material_type_id","config_key","config_default_value","sort","id") values(6,'ConsBottomOfZ',NULL,NULL,210);
insert into "material_type_config"("material_type_id","config_key","config_default_value","sort","id") values(6,'GraspOffsetOfZ',NULL,NULL,211);
insert into "material_type_config"("material_type_id","config_key","config_default_value","sort","id") values(6,'GraspOffsetOfG',NULL,NULL,212);
insert into "material_type_config"("material_type_id","config_key","config_default_value","sort","id") values(5,'AdhereTime',NULL,150,47);
insert into "material_type_config"("material_type_id","config_key","config_default_value","sort","id") values(5,'Height',NULL,30,48);
insert into "material_type_config"("material_type_id","config_key","config_default_value","sort","id") values(5,'ConsBottomOfZ',NULL,80,49);
insert into "material_type_config"("material_type_id","config_key","config_default_value","sort","id") values(5,'Length',NULL,10,50);
insert into "material_type_config"("material_type_id","config_key","config_default_value","sort","id") values(5,'CentriDuration',NULL,180,51);
insert into "material_type_config"("material_type_id","config_key","config_default_value","sort","id") values(5,'CentriSpeed',NULL,170,52);
insert into "material_type_config"("material_type_id","config_key","config_default_value","sort","id") values(5,'RowCounts','8',40,53);
insert into "material_type_config"("material_type_id","config_key","config_default_value","sort","id") values(5,'ColCounts','12',50,54);
insert into "material_type_config"("material_type_id","config_key","config_default_value","sort","id") values(5,'RowSpace','9.0',60,55);
insert into "material_type_config"("material_type_id","config_key","config_default_value","sort","id") values(5,'ColSpace','9.0',70,56);
insert into "material_type_config"("material_type_id","config_key","config_default_value","sort","id") values(5,'GraspOffsetOfZ',NULL,90,57);
insert into "material_type_config"("material_type_id","config_key","config_default_value","sort","id") values(5,'GraspOffsetOfG',NULL,100,58);
insert into "material_type_config"("material_type_id","config_key","config_default_value","sort","id") values(5,'GraspOffsetOfEpson',NULL,110,59);
insert into "material_type_config"("material_type_id","config_key","config_default_value","sort","id") values(5,'FilmType',NULL,120,60);
insert into "material_type_config"("material_type_id","config_key","config_default_value","sort","id") values(5,'PlateLocTemp',NULL,130,61);
insert into "material_type_config"("material_type_id","config_key","config_default_value","sort","id") values(5,'PlateLocDuration',NULL,140,62);
insert into "material_type_config"("material_type_id","config_key","config_default_value","sort","id") values(5,'Width',NULL,20,63);
insert into "material_type_config"("material_type_id","config_key","config_default_value","sort","id") values(5,'LocationSpeed',NULL,160,64);
insert into "material_type_config"("material_type_id","config_key","config_default_value","sort","id") values(6,'GraspOffsetOfEpson',NULL,NULL,213);
insert into "material_type_config"("material_type_id","config_key","config_default_value","sort","id") values(19,'Storage',NULL,10,88);
insert into "material_type_config"("material_type_id","config_key","config_default_value","sort","id") values(20,'Property',NULL,10,89);
insert into "material_type_config"("material_type_id","config_key","config_default_value","sort","id") values(20,'Storage',NULL,20,90);
insert into "material_type_config"("material_type_id","config_key","config_default_value","sort","id") values(2,'RackLength','141',NULL,247);
insert into "material_type_config"("material_type_id","config_key","config_default_value","sort","id") values(2,'RackWidth','99',NULL,248);
insert into "material_type_config"("material_type_id","config_key","config_default_value","sort","id") values(2,'RackHeight','620.1',NULL,249);
insert into "material_type_config"("material_type_id","config_key","config_default_value","sort","id") values(2,'RackBarcodeHeight','578.5',NULL,250);
insert into "material_type_config"("material_type_id","config_key","config_default_value","sort","id") values(17,'Storage','',NULL,147);
insert into "material_type_config"("material_type_id","config_key","config_default_value","sort","id") values(2,'LevelLength','129',NULL,252);
insert into "material_type_config"("material_type_id","config_key","config_default_value","sort","id") values(2,'LevelWidth','87',NULL,253);
insert into "material_type_config"("material_type_id","config_key","config_default_value","sort","id") values(24,'Length',NULL,NULL,256);
insert into "material_type_config"("material_type_id","config_key","config_default_value","sort","id") values(24,'Width',NULL,NULL,257);
insert into "material_type_config"("material_type_id","config_key","config_default_value","sort","id") values(24,'Height',NULL,NULL,258);
insert into "material_type_config"("material_type_id","config_key","config_default_value","sort","id") values(24,'RowCounts','8',NULL,259);
insert into "material_type_config"("material_type_id","config_key","config_default_value","sort","id") values(24,'ColCounts','12',NULL,260);
insert into "material_type_config"("material_type_id","config_key","config_default_value","sort","id") values(24,'RowSpace','9.0',NULL,261);
insert into "material_type_config"("material_type_id","config_key","config_default_value","sort","id") values(24,'ColSpace','9.0',NULL,262);
insert into "material_type_config"("material_type_id","config_key","config_default_value","sort","id") values(24,'ConsBottomOfZ',NULL,NULL,263);
insert into "material_type_config"("material_type_id","config_key","config_default_value","sort","id") values(24,'GraspOffsetOfZ',NULL,NULL,264);
insert into "material_type_config"("material_type_id","config_key","config_default_value","sort","id") values(24,'GraspOffsetOfG',NULL,NULL,265);
insert into "material_type_config"("material_type_id","config_key","config_default_value","sort","id") values(24,'GraspOffsetOfEpson',NULL,NULL,266);
insert into "material_type_config"("material_type_id","config_key","config_default_value","sort","id") values(25,'Length',NULL,NULL,267);
insert into "material_type_config"("material_type_id","config_key","config_default_value","sort","id") values(25,'Width',NULL,NULL,268);
insert into "material_type_config"("material_type_id","config_key","config_default_value","sort","id") values(25,'Height',NULL,NULL,269);
insert into "material_type_config"("material_type_id","config_key","config_default_value","sort","id") values(25,'RowCounts','8',NULL,270);
insert into "material_type_config"("material_type_id","config_key","config_default_value","sort","id") values(25,'ColCounts','12',NULL,271);
insert into "material_type_config"("material_type_id","config_key","config_default_value","sort","id") values(25,'RowSpace','9.0',NULL,272);
insert into "material_type_config"("material_type_id","config_key","config_default_value","sort","id") values(25,'ColSpace','9.0',NULL,273);
insert into "material_type_config"("material_type_id","config_key","config_default_value","sort","id") values(22,'Length',NULL,NULL,192);
insert into "material_type_config"("material_type_id","config_key","config_default_value","sort","id") values(22,'Width',NULL,NULL,193);
insert into "material_type_config"("material_type_id","config_key","config_default_value","sort","id") values(22,'Height',NULL,NULL,194);
insert into "material_type_config"("material_type_id","config_key","config_default_value","sort","id") values(22,'GraspOffsetOfZ',NULL,NULL,195);
insert into "material_type_config"("material_type_id","config_key","config_default_value","sort","id") values(22,'GraspOffsetOfG',NULL,NULL,196);
insert into "material_type_config"("material_type_id","config_key","config_default_value","sort","id") values(23,'Length',NULL,NULL,197);
insert into "material_type_config"("material_type_id","config_key","config_default_value","sort","id") values(23,'Width',NULL,NULL,198);
insert into "material_type_config"("material_type_id","config_key","config_default_value","sort","id") values(23,'Height',NULL,NULL,199);
insert into "material_type_config"("material_type_id","config_key","config_default_value","sort","id") values(23,'GraspOffsetOfZ',NULL,NULL,200);
insert into "material_type_config"("material_type_id","config_key","config_default_value","sort","id") values(23,'GraspOffsetOfG',NULL,NULL,201);
insert into "material_type_config"("material_type_id","config_key","config_default_value","sort","id") values(23,'GraspOffsetOfEpson',NULL,NULL,202);
insert into "material_type_config"("material_type_id","config_key","config_default_value","sort","id") values(25,'ConsBottomOfZ',NULL,NULL,274);
insert into "material_type_config"("material_type_id","config_key","config_default_value","sort","id") values(25,'GraspOffsetOfZ',NULL,NULL,275);
insert into "material_type_config"("material_type_id","config_key","config_default_value","sort","id") values(25,'GraspOffsetOfG',NULL,NULL,276);
insert into "material_type_config"("material_type_id","config_key","config_default_value","sort","id") values(25,'GraspOffsetOfEpson',NULL,NULL,277);
insert into "material_type_config"("material_type_id","config_key","config_default_value","sort","id") values(26,'Length',NULL,NULL,278);
insert into "material_type_config"("material_type_id","config_key","config_default_value","sort","id") values(26,'Width',NULL,NULL,279);
insert into "material_type_config"("material_type_id","config_key","config_default_value","sort","id") values(26,'Height',NULL,NULL,280);
insert into "material_type_config"("material_type_id","config_key","config_default_value","sort","id") values(26,'RowCounts','8',NULL,281);
insert into "material_type_config"("material_type_id","config_key","config_default_value","sort","id") values(26,'ColCounts','12',NULL,282);
insert into "material_type_config"("material_type_id","config_key","config_default_value","sort","id") values(26,'RowSpace','9.0',NULL,283);
insert into "material_type_config"("material_type_id","config_key","config_default_value","sort","id") values(26,'ColSpace','9.0',NULL,284);
insert into "material_type_config"("material_type_id","config_key","config_default_value","sort","id") values(26,'ConsBottomOfZ',NULL,NULL,285);
insert into "material_type_config"("material_type_id","config_key","config_default_value","sort","id") values(26,'GraspOffsetOfZ',NULL,NULL,286);
insert into "material_type_config"("material_type_id","config_key","config_default_value","sort","id") values(26,'GraspOffsetOfG',NULL,NULL,287);
insert into "material_type_config"("material_type_id","config_key","config_default_value","sort","id") values(26,'GraspOffsetOfEpson',NULL,NULL,288);
insert into "material_type_config"("material_type_id","config_key","config_default_value","sort","id") values(2,'LevelCounts','0',NULL,251);
insert into "material_type_config"("material_type_id","config_key","config_default_value","sort","id") values(2,'LevelBarcodeHeight','0',NULL,254);
insert into "material_type_config"("material_type_id","config_key","config_default_value","sort","id") values(2,'LevelHeight','0',NULL,255);
insert into "material_type_config"("material_type_id","config_key","config_default_value","sort","id") values(27,'Length','0',10,289);
insert into "material_type_config"("material_type_id","config_key","config_default_value","sort","id") values(27,'Width','0',20,290);
insert into "material_type_config"("material_type_id","config_key","config_default_value","sort","id") values(27,'Height','0',30,291);
insert into "material_type_config"("material_type_id","config_key","config_default_value","sort","id") values(27,'Weight','0',40,292);
insert into "material_type_config"("material_type_id","config_key","config_default_value","sort","id") values(27,'GraspOffsetOfEpson','0',50,293);
insert into "material_type_config"("material_type_id","config_key","config_default_value","sort","id") values(28,'Property',NULL,10,294);
insert into "material_type_config"("material_type_id","config_key","config_default_value","sort","id") values(28,'Storage','0',20,295);
insert into "material_type_config"("material_type_id","config_key","config_default_value","sort","id") values(29,'Storage','0',10,296);
insert into "material_type_config"("material_type_id","config_key","config_default_value","sort","id") values(29,'CentriVel','0',20,297);
insert into "material_type_config"("material_type_id","config_key","config_default_value","sort","id") values(29,'CentriAccel','0',30,298);
insert into "material_type_config"("material_type_id","config_key","config_default_value","sort","id") values(29,'CentriDecel','0',40,299);
insert into "material_type_config"("material_type_id","config_key","config_default_value","sort","id") values(29,'CentriDuration','0',50,300);
insert into "material_type_config"("material_type_id","config_key","config_default_value","sort","id") values(29,'BalancedPlatePN',NULL,60,301);
insert into "material_type_config"("material_type_id","config_key","config_default_value","sort","id") values(30,'Storage','0',10,302);
insert into "material_type_config"("material_type_id","config_key","config_default_value","sort","id") values(30,'CentriVel','0',20,303);
insert into "material_type_config"("material_type_id","config_key","config_default_value","sort","id") values(30,'CentriAccel','0',30,304);
insert into "material_type_config"("material_type_id","config_key","config_default_value","sort","id") values(30,'CentriDecel','0',40,305);
insert into "material_type_config"("material_type_id","config_key","config_default_value","sort","id") values(30,'CentriDuration','0',50,306);
insert into "material_type_config"("material_type_id","config_key","config_default_value","sort","id") values(30,'BalancedPlatePN',NULL,60,307);
insert into "material_type_config"("material_type_id","config_key","config_default_value","sort","id") values(31,'Property',NULL,10,308);
insert into "material_type_config"("material_type_id","config_key","config_default_value","sort","id") values(31,'Storage','0',20,309);
insert into "material_type_config"("material_type_id","config_key","config_default_value","sort","id") values(31,'CentriVel','0',30,310);
insert into "material_type_config"("material_type_id","config_key","config_default_value","sort","id") values(31,'CentriAccel','0',40,311);
insert into "material_type_config"("material_type_id","config_key","config_default_value","sort","id") values(31,'CentriDecel','0',50,312);
insert into "material_type_config"("material_type_id","config_key","config_default_value","sort","id") values(31,'CentriDuration','0',60,313);
insert into "material_type_config"("material_type_id","config_key","config_default_value","sort","id") values(31,'BalancedPlatePN',NULL,70,314);
insert into "material_type_config"("material_type_id","config_key","config_default_value","sort","id") values(33,'Property',NULL,10,322);
insert into "material_type_config"("material_type_id","config_key","config_default_value","sort","id") values(33,'Storage','0',20,323);
insert into "material_type_config"("material_type_id","config_key","config_default_value","sort","id") values(33,'CentriVel','0',30,324);
insert into "material_type_config"("material_type_id","config_key","config_default_value","sort","id") values(33,'CentriAccel','0',40,325);
insert into "material_type_config"("material_type_id","config_key","config_default_value","sort","id") values(33,'CentriDecel','0',50,326);
insert into "material_type_config"("material_type_id","config_key","config_default_value","sort","id") values(33,'CentriDuration','0',60,327);
insert into "material_type_config"("material_type_id","config_key","config_default_value","sort","id") values(33,'BalancedPlatePN',NULL,70,328);
insert into "material_type_config"("material_type_id","config_key","config_default_value","sort","id") values(32,'Property',NULL,10,336);
insert into "material_type_config"("material_type_id","config_key","config_default_value","sort","id") values(32,'Storage','0',20,337);
insert into "material_type_config"("material_type_id","config_key","config_default_value","sort","id") values(32,'CentriVel','0',30,338);
insert into "material_type_config"("material_type_id","config_key","config_default_value","sort","id") values(32,'CentriAccel','0',40,339);
insert into "material_type_config"("material_type_id","config_key","config_default_value","sort","id") values(32,'CentriDecel','0',50,340);
insert into "material_type_config"("material_type_id","config_key","config_default_value","sort","id") values(32,'CentriDuration','0',60,341);
insert into "material_type_config"("material_type_id","config_key","config_default_value","sort","id") values(32,'BalancedPlatePN',NULL,70,342);
-------------------records of material_type_config end---------------------

---------------------------update serial begin---------------------------
alter sequence material_brand_id_seq restart with 19;
alter sequence material_category_config_id_seq restart with 143;
alter sequence material_category_id_seq restart with 11;
alter sequence material_config_id_seq restart with 3333;
alter sequence material_id_seq restart with 117;
alter sequence material_serial_no_id_seq restart with 53;
alter sequence material_type_config_id_seq restart with 343;
alter sequence material_type_id_seq restart with 34;
alter sequence sys_lookup_id_seq restart with 10;
---------------------------update serial end---------------------------
